i,scroll,segment,recipe,y0,x0,bin,mass_letter,key,frac_above,pitch_um
2,PHercParis4,20260701183131-w069-072,canon,32768,49152,0.75-0.82,0.8134,PHercParis4/segments/20260701183131-w069-072/ink-detection/downsampled/PHercParis4-20260701183131-2.4um-0.22m-78keV-volume-20260411134726-20260417190342-new_canon_autoresearch_recipe-tile256-stride128-ds8.jpg,0.197,2.4
3,PHerc1667,20240304144031-w018_20240304144031_flatboi,canon,8192,28672,0.93-0.95,0.9344,PHerc1667/segments/20240304144031-w018_20240304144031_flatboi/ink-detection/downsampled/PHerc1667-20240304144031-2.399um-0.22m-78keV-volume-20251217075048-20260417190342-new_canon_autoresearch_recipe-tile256-stride128-ds8.jpg,0.1735,2.399
4,PHercParis4,20231031143852,canon,0,8192,0.93-0.95,0.94,PHercParis4/segments/20231031143852/ink-detection/downsampled/PHercParis4-20231031143852-2.4um-0.22m-78keV-volume-20260411134726-20260417190342-new_canon_autoresearch_recipe-tile256-stride128-ds8.jpg,0.1455,2.4
8,PHerc0139,20250223000000-w059_2025022312,canon,0,20480,0.30-0.50,0.341,PHerc0139/segments/20250223000000-w059_2025022312/ink-detection/downsampled/PHerc0139-20250223000000-2.399um-0.22m-78keV-volume-20260102150214-20260417190342-new_canon_autoresearch_recipe-tile256-stride128-ds8.jpg,0.2215,2.399
9,PHerc1667,20240304144031-w018_20240304144031_flatboi,canon,24576,24576,0.90-0.93,0.9294,PHerc1667/segments/20240304144031-w018_20240304144031_flatboi/ink-detection/downsampled/PHerc1667-20240304144031-2.399um-0.22m-78keV-volume-20251217075048-20260417190342-new_canon_autoresearch_recipe-tile256-stride128-ds8.jpg,0.1346,2.399
10,PHerc0814,20260226000000-46527_2um_try2,canon,0,0,0.90-0.93,0.9092,PHerc0814/segments/20260226000000-46527_2um_try2/ink-detection/downsampled/PHerc0814-20260226000000-2.399um-0.22m-78keV-volume-20260309142202-20260417190342-new_canon_autoresearch_recipe-tile256-stride128-ds8.jpg,0.1766,2.399
12,PHercParis4,20231022170901,canon,8192,65536,0.95-1.01,0.9519,PHercParis4/segments/20231022170901/ink-detection/downsampled/PHercParis4-20231022170901-2.4um-0.22m-78keV-volume-20260411134726-20260417190342-new_canon_autoresearch_recipe-tile256-stride128-ds8.jpg,0.2187,2.4
13,PHerc0139,20260306000001-w051_2026030600,canon,12288,20480,0.65-0.75,0.7223,PHerc0139/segments/20260306000001-w051_2026030600/ink-detection/downsampled/PHerc0139-20260306000001-2.399um-0.22m-78keV-volume-20260102150214-20260417190342-new_canon_autoresearch_recipe-tile256-stride128-ds8.jpg,0.0388,2.399
15,PHercParis4,20260623171929-w128-129,canon,57344,69632,0.95-1.01,1.0,PHercParis4/segments/20260623171929-w128-129/ink-detection/downsampled/PHercParis4-20260623171929-2.4um-0.22m-78keV-volume-20260411134726-20260417190342-new_canon_autoresearch_recipe-tile256-stride128-ds8.jpg,0.0012,2.4
16,PHerc1667,20240304161941-w023_20240304161941_flatboi,canon,32768,69632,0.30-0.50,0.3749,PHerc1667/segments/20240304161941-w023_20240304161941_flatboi/ink-detection/downsampled/PHerc1667-20240304161941-2.399um-0.22m-78keV-volume-20251217075048-20260417190342-new_canon_autoresearch_recipe-tile256-stride128-ds8.jpg,0.0472,2.399
17,PHercParis4,20260701183126-w038-045,canon,40960,61440,0.90-0.93,0.9199,PHercParis4/segments/20260701183126-w038-045/ink-detection/downsampled/PHercParis4-20260701183126-2.4um-0.22m-78keV-volume-20260411134726-20260417190342-new_canon_autoresearch_recipe-tile256-stride128-ds8.jpg,0.2168,2.4
19,PHerc1667,20240304161941-w023_20240304161941_flatboi,canon,16384,90112,0.93-0.95,0.9401,PHerc1667/segments/20240304161941-w023_20240304161941_flatboi/ink-detection/downsampled/PHerc1667-20240304161941-2.399um-0.22m-78keV-volume-20251217075048-20260417190342-new_canon_autoresearch_recipe-tile256-stride128-ds8.jpg,0.1558,2.399
20,PHerc1667,20260105050000-w032_2026010505_flatboi,canon,20480,16384,0.87-0.90,0.8856,PHerc1667/segments/20260105050000-w032_2026010505_flatboi/ink-detection/downsampled/PHerc1667-20260105050000-2.399um-0.22m-78keV-volume-20251217075048-20260417190342-new_canon_autoresearch_recipe-tile256-stride128-ds8.jpg,0.1477,2.399
22,PHercParis4,20260623150417-w064-068,canon,32768,57344,0.90-0.93,0.915,PHercParis4/segments/20260623150417-w064-068/ink-detection/downsampled/PHercParis4-20260623150417-2.4um-0.22m-78keV-volume-20260411134726-20260417190342-new_canon_autoresearch_recipe-tile256-stride128-ds8.jpg,0.2309,2.4
24,PHerc0139,20260115000000-w044_2026011522,canon,12288,8192,0.93-0.95,0.9382,PHerc0139/segments/20260115000000-w044_2026011522/ink-detection/downsampled/PHerc0139-20260115000000-2.399um-0.22m-78keV-volume-20260102150214-20260417190342-new_canon_autoresearch_recipe-tile256-stride128-ds8.jpg,0.1951,2.399
25,PHerc0814,20250928235953-auto_grown_20250928235953722,canon,4096,90112,0.30-0.50,0.3499,PHerc0814/segments/20250928235953-auto_grown_20250928235953722/ink-detection/downsampled/PHerc0814-20250928235953-2.399um-0.22m-78keV-volume-20260309142202-20260417190342-new_canon_autoresearch_recipe-tile256-stride128-ds8.jpg,0.1758,2.399
26,PHercParis4,20260701183126-w038-045,canon,16384,122880,0.95-1.01,0.964,PHercParis4/segments/20260701183126-w038-045/ink-detection/downsampled/PHercParis4-20260701183126-2.4um-0.22m-78keV-volume-20260411134726-20260417190342-new_canon_autoresearch_recipe-tile256-stride128-ds8.jpg,0.2149,2.4
27,PHercParis4,20260623161233-w101-103,canon,16384,86016,0.87-0.90,0.874,PHercParis4/segments/20260623161233-w101-103/ink-detection/downsampled/PHercParis4-20260623161233-2.4um-0.22m-78keV-volume-20260411134726-20260417190342-new_canon_autoresearch_recipe-tile256-stride128-ds8.jpg,0.1493,2.4
28,PHerc1667,20240304144031-w018_20240304144031_flatboi,canon,24576,32768,0.95-1.01,0.9666,PHerc1667/segments/20240304144031-w018_20240304144031_flatboi/ink-detection/downsampled/PHerc1667-20240304144031-2.399um-0.22m-78keV-volume-20251217075048-20260417190342-new_canon_autoresearch_recipe-tile256-stride128-ds8.jpg,0.182,2.399
31,PHerc0814,20250926203608-auto_grown_20250926203608932,canon,4096,4096,0.75-0.82,0.813,PHerc0814/segments/20250926203608-auto_grown_20250926203608932/ink-detection/downsampled/PHerc0814-20250926203608-2.399um-0.22m-78keV-volume-20260309142202-20260417190342-new_canon_autoresearch_recipe-tile256-stride128-ds8.jpg,0.1459,2.399
32,PHerc1667,20240304144031-w018_20240304144031_flatboi,canon,20480,28672,0.95-1.01,0.9617,PHerc1667/segments/20240304144031-w018_20240304144031_flatboi/ink-detection/downsampled/PHerc1667-20240304144031-2.399um-0.22m-78keV-volume-20251217075048-20260417190342-new_canon_autoresearch_recipe-tile256-stride128-ds8.jpg,0.1671,2.399
34,PHerc0139,20260206000001-w047_2026020613,canon,8192,12288,0.90-0.93,0.9014,PHerc0139/segments/20260206000001-w047_2026020613/ink-detection/downsampled/PHerc0139-20260206000001-2.399um-0.22m-78keV-volume-20260102150214-20260417190342-new_canon_autoresearch_recipe-tile256-stride128-ds8.jpg,0.168,2.399
35,PHercParis4,20260701183125-w028-037,canon,24576,114688,0.93-0.95,0.9481,PHercParis4/segments/20260701183125-w028-037/ink-detection/downsampled/PHercParis4-20260701183125-2.4um-0.22m-78keV-volume-20260411134726-20260417190342-new_canon_autoresearch_recipe-tile256-stride128-ds8.jpg,0.2079,2.4
36,PHerc0139,20260112000000-w043_2026011217,canon,0,8192,0.65-0.75,0.6926,PHerc0139/segments/20260112000000-w043_2026011217/ink-detection/downsampled/PHerc0139-20260112000000-2.399um-0.22m-78keV-volume-20260102150214-20260417190342-new_canon_autoresearch_recipe-tile256-stride128-ds8.jpg,0.0622,2.399
38,PHerc0139,20260219000000-w033_2026021913,canon,8192,4096,0.87-0.90,0.88,PHerc0139/segments/20260219000000-w033_2026021913/ink-detection/downsampled/PHerc0139-20260219000000-2.399um-0.22m-78keV-volume-20260102150214-20260417190342-new_canon_autoresearch_recipe-tile256-stride128-ds8.jpg,0.2256,2.399
39,PHercParis4,20260623144957-w053-058,canon,36864,110592,0.65-0.75,0.7377,PHercParis4/segments/20260623144957-w053-058/ink-detection/downsampled/PHercParis4-20260623144957-2.4um-0.22m-78keV-volume-20260411134726-20260417190342-new_canon_autoresearch_recipe-tile256-stride128-ds8.jpg,0.2382,2.4
40,PHerc0139,20260210000000-w058_2026021020,canon,4096,12288,0.50-0.65,0.5247,PHerc0139/segments/20260210000000-w058_2026021020/ink-detection/downsampled/PHerc0139-20260210000000-2.399um-0.22m-78keV-volume-20260102150214-20260417190342-new_canon_autoresearch_recipe-tile256-stride128-ds8.jpg,0.2733,2.399
41,PHerc0814,20250928235953-auto_grown_20250928235953722,canon,4096,8192,0.65-0.75,0.6766,PHerc0814/segments/20250928235953-auto_grown_20250928235953722/ink-detection/downsampled/PHerc0814-20250928235953-2.399um-0.22m-78keV-volume-20260309142202-20260417190342-new_canon_autoresearch_recipe-tile256-stride128-ds8.jpg,0.2047,2.399
42,PHerc1667,20240304144031-w018_20240304144031_flatboi,canon,4096,16384,0.82-0.87,0.8292,PHerc1667/segments/20240304144031-w018_20240304144031_flatboi/ink-detection/downsampled/PHerc1667-20240304144031-2.399um-0.22m-78keV-volume-20251217075048-20260417190342-new_canon_autoresearch_recipe-tile256-stride128-ds8.jpg,0.0966,2.399
43,PHerc0139,20260112000000-w043_2026011217,canon,0,0,0.90-0.93,0.9022,PHerc0139/segments/20260112000000-w043_2026011217/ink-detection/downsampled/PHerc0139-20260112000000-2.399um-0.22m-78keV-volume-20260102150214-20260417190342-new_canon_autoresearch_recipe-tile256-stride128-ds8.jpg,0.1548,2.399
45,PHerc0343P,20250902170441--4_b2,canon,0,0,0.50-0.65,0.5569,PHerc0343P/segments/20250902170441--4_b2/ink-detection/downsampled/PHerc0343P-20250902170441-2.215um-0.4m-111keV-volume-20260304131111-20260417190342-new_canon_autoresearch_recipe-tile256-stride128-ds8.jpg,0.0508,2.215
47,PHerc0343P,20250902171204--1_b2,canon,0,0,0.00-0.30,0.1456,PHerc0343P/segments/20250902171204--1_b2/ink-detection/downsampled/PHerc0343P-20250902171204-2.215um-0.4m-111keV-volume-20260304131111-20260417190342-new_canon_autoresearch_recipe-tile256-stride128-ds8.jpg,0.0127,2.215
48,PHercParis4,20260701183125-w028-037,canon,45056,45056,0.87-0.90,0.8986,PHercParis4/segments/20260701183125-w028-037/ink-detection/downsampled/PHercParis4-20260701183125-2.4um-0.22m-78keV-volume-20260411134726-20260417190342-new_canon_autoresearch_recipe-tile256-stride128-ds8.jpg,0.2018,2.4
49,PHercParis4,20260701183146-w118-119,canon,53248,126976,0.30-0.50,0.4142,PHercParis4/segments/20260701183146-w118-119/ink-detection/downsampled/PHercParis4-20260701183146-2.4um-0.22m-78keV-volume-20260411134726-20260417190342-new_canon_autoresearch_recipe-tile256-stride128-ds8.jpg,0.0597,2.4
51,PHerc0139,20260203000000-w032_2026020303,canon,4096,20480,0.90-0.93,0.9061,PHerc0139/segments/20260203000000-w032_2026020303/ink-detection/downsampled/PHerc0139-20260203000000-2.399um-0.22m-78keV-volume-20260102150214-20260417190342-new_canon_autoresearch_recipe-tile256-stride128-ds8.jpg,0.2327,2.399
52,PHercParis4,20260623143441-w038-045,canon,36864,167936,0.95-1.01,0.9512,PHercParis4/segments/20260623143441-w038-045/ink-detection/downsampled/PHercParis4-20260623143441-2.4um-0.22m-78keV-volume-20260411134726-20260417190342-new_canon_autoresearch_recipe-tile256-stride128-ds8.jpg,0.1818,2.4
54,PHercParis4,20260623144224-w046-052,canon,16384,73728,0.00-0.30,0.1229,PHercParis4/segments/20260623144224-w046-052/ink-detection/downsampled/PHercParis4-20260623144224-2.4um-0.22m-78keV-volume-20260411134726-20260417190342-new_canon_autoresearch_recipe-tile256-stride128-ds8.jpg,0.5002,2.4
55,PHerc1667,20240304144031-w018_20240304144031_flatboi,canon,4096,0,0.93-0.95,0.9454,PHerc1667/segments/20240304144031-w018_20240304144031_flatboi/ink-detection/downsampled/PHerc1667-20240304144031-2.399um-0.22m-78keV-volume-20251217075048-20260417190342-new_canon_autoresearch_recipe-tile256-stride128-ds8.jpg,0.1446,2.399
57,PHerc0814,20250925222237-auto_grown_20250925222237459,canon,0,0,0.82-0.87,0.8579,PHerc0814/segments/20250925222237-auto_grown_20250925222237459/ink-detection/downsampled/PHerc0814-20250925222237-2.399um-0.22m-78keV-volume-20260309142202-20260417190342-new_canon_autoresearch_recipe-tile256-stride128-ds8.jpg,0.1696,2.399
59,PHerc1667,20240304144031-w018_20240304144031_flatboi,canon,8192,0,0.93-0.95,0.9385,PHerc1667/segments/20240304144031-w018_20240304144031_flatboi/ink-detection/downsampled/PHerc1667-20240304144031-2.399um-0.22m-78keV-volume-20251217075048-20260417190342-new_canon_autoresearch_recipe-tile256-stride128-ds8.jpg,0.1278,2.399
60,PHerc1667,20240304144031-w018_20240304144031_flatboi,canon,0,12288,0.90-0.93,0.9124,PHerc1667/segments/20240304144031-w018_20240304144031_flatboi/ink-detection/downsampled/PHerc1667-20240304144031-2.399um-0.22m-78keV-volume-20251217075048-20260417190342-new_canon_autoresearch_recipe-tile256-stride128-ds8.jpg,0.1164,2.399
61,PHercParis4,20260701183125-w028-037,canon,36864,77824,0.93-0.95,0.9368,PHercParis4/segments/20260701183125-w028-037/ink-detection/downsampled/PHercParis4-20260701183125-2.4um-0.22m-78keV-volume-20260411134726-20260417190342-new_canon_autoresearch_recipe-tile256-stride128-ds8.jpg,0.1858,2.4
62,PHerc1667,20240304144031-w018_20240304144031_flatboi,canon,24576,12288,0.95-1.01,0.9653,PHerc1667/segments/20240304144031-w018_20240304144031_flatboi/ink-detection/downsampled/PHerc1667-20240304144031-2.399um-0.22m-78keV-volume-20251217075048-20260417190342-new_canon_autoresearch_recipe-tile256-stride128-ds8.jpg,0.1546,2.399
63,PHerc1667,20240304144031-w018_20240304144031_flatboi,canon,24576,45056,0.75-0.82,0.8192,PHerc1667/segments/20240304144031-w018_20240304144031_flatboi/ink-detection/downsampled/PHerc1667-20240304144031-2.399um-0.22m-78keV-volume-20251217075048-20260417190342-new_canon_autoresearch_recipe-tile256-stride128-ds8.jpg,0.1204,2.399
65,PHerc0814,20250926051122-auto_grown_20250926051122829,canon,4096,81920,0.87-0.90,0.8984,PHerc0814/segments/20250926051122-auto_grown_20250926051122829/ink-detection/downsampled/PHerc0814-20250926051122-2.399um-0.22m-78keV-volume-20260309142202-20260417190342-new_canon_autoresearch_recipe-tile256-stride128-ds8.jpg,0.1716,2.399
69,PHercParis4,20260623142658-w028-037,canon,0,77824,0.93-0.95,0.9383,PHercParis4/segments/20260623142658-w028-037/ink-detection/downsampled/PHercParis4-20260623142658-2.4um-0.22m-78keV-volume-20260411134726-20260417190342-new_canon_autoresearch_recipe-tile256-stride128-ds8.jpg,0.1509,2.4
70,PHerc0814,20250928235953-auto_grown_20250928235953722,canon,4096,12288,0.75-0.82,0.7937,PHerc0814/segments/20250928235953-auto_grown_20250928235953722/ink-detection/downsampled/PHerc0814-20250928235953-2.399um-0.22m-78keV-volume-20260309142202-20260417190342-new_canon_autoresearch_recipe-tile256-stride128-ds8.jpg,0.1333,2.399
71,PHercParis4,20260623164141-w113-115,canon,28672,24576,0.75-0.82,0.7562,PHercParis4/segments/20260623164141-w113-115/ink-detection/downsampled/PHercParis4-20260623164141-2.4um-0.22m-78keV-volume-20260411134726-20260417190342-new_canon_autoresearch_recipe-tile256-stride128-ds8.jpg,0.2391,2.4
73,PHerc1667,20251212185248-w029_20251212185248662_flatboi,canon,0,16384,0.65-0.75,0.7382,PHerc1667/segments/20251212185248-w029_20251212185248662_flatboi/ink-detection/downsampled/PHerc1667-20251212185248-2.399um-0.22m-78keV-volume-20251217075048-20260417190342-new_canon_autoresearch_recipe-tile256-stride128-ds8.jpg,0.2968,2.399
74,PHercParis4,20260623151729-w073-076,canon,12288,77824,0.82-0.87,0.8308,PHercParis4/segments/20260623151729-w073-076/ink-detection/downsampled/PHercParis4-20260623151729-2.4um-0.22m-78keV-volume-20260411134726-20260417190342-new_canon_autoresearch_recipe-tile256-stride128-ds8.jpg,0.2066,2.4
75,PHercParis4,20260623142658-w028-037,canon,32768,77824,0.95-1.01,0.9559,PHercParis4/segments/20260623142658-w028-037/ink-detection/downsampled/PHercParis4-20260623142658-2.4um-0.22m-78keV-volume-20260411134726-20260417190342-new_canon_autoresearch_recipe-tile256-stride128-ds8.jpg,0.1919,2.4
76,PHercParis4,20260603190005-5753_-5,canon,49152,0,0.00-0.30,0.2237,PHercParis4/segments/20260603190005-5753_-5/ink-detection/downsampled/PHercParis4-20260603190005-2.4um-0.22m-78keV-volume-20260411134726-20260417190342-new_canon_autoresearch_recipe-tile256-stride128-ds8.jpg,0.0257,2.4
77,PHerc1667,20240304141531-w013_20240304141531_flatboi,canon,16384,4096,0.95-1.01,0.9799,PHerc1667/segments/20240304141531-w013_20240304141531_flatboi/ink-detection/downsampled/PHerc1667-20240304141531-2.399um-0.22m-78keV-volume-20251217075048-20260417190342-new_canon_autoresearch_recipe-tile256-stride128-ds8.jpg,0.1623,2.399
78,PHercParis4,20231016151002,canon,0,28672,0.90-0.93,0.9133,PHercParis4/segments/20231016151002/ink-detection/downsampled/PHercParis4-20231016151002-2.4um-0.22m-78keV-volume-20260411134726-20260417190342-new_canon_autoresearch_recipe-tile256-stride128-ds8.jpg,0.1973,2.4
80,PHercParis4,20260623161233-w101-103,canon,28672,49152,0.50-0.65,0.6173,PHercParis4/segments/20260623161233-w101-103/ink-detection/downsampled/PHercParis4-20260623161233-2.4um-0.22m-78keV-volume-20260411134726-20260417190342-new_canon_autoresearch_recipe-tile256-stride128-ds8.jpg,0.0776,2.4
81,PHerc0139,20260130000000-w031_2026013019,canon,0,12288,0.50-0.65,0.5227,PHerc0139/segments/20260130000000-w031_2026013019/ink-detection/downsampled/PHerc0139-20260130000000-2.399um-0.22m-78keV-volume-20260102150214-20260417190342-new_canon_autoresearch_recipe-tile256-stride128-ds8.jpg,0.0756,2.399
82,PHerc1667,20251208130119-w028_20251208130119156_flatboi,canon,0,20480,0.75-0.82,0.7927,PHerc1667/segments/20251208130119-w028_20251208130119156_flatboi/ink-detection/downsampled/PHerc1667-20251208130119-2.399um-0.22m-78keV-volume-20251217075048-20260417190342-new_canon_autoresearch_recipe-tile256-stride128-ds8.jpg,0.1195,2.399
83,PHercParis4,20260623142658-w028-037,canon,24576,114688,0.95-1.01,0.9527,PHercParis4/segments/20260623142658-w028-037/ink-detection/downsampled/PHercParis4-20260623142658-2.4um-0.22m-78keV-volume-20260411134726-20260417190342-new_canon_autoresearch_recipe-tile256-stride128-ds8.jpg,0.1865,2.4
86,PHerc1667,20240304141531-w013_20240304141531_flatboi,canon,20480,0,0.95-1.01,0.9808,PHerc1667/segments/20240304141531-w013_20240304141531_flatboi/ink-detection/downsampled/PHerc1667-20240304141531-2.399um-0.22m-78keV-volume-20251217075048-20260417190342-new_canon_autoresearch_recipe-tile256-stride128-ds8.jpg,0.1577,2.399
87,PHercParis4,20260623142658-w028-037,canon,28672,49152,0.90-0.93,0.9046,PHercParis4/segments/20260623142658-w028-037/ink-detection/downsampled/PHercParis4-20260623142658-2.4um-0.22m-78keV-volume-20260411134726-20260417190342-new_canon_autoresearch_recipe-tile256-stride128-ds8.jpg,0.1687,2.4
88,PHerc1667,20240304144031-w018_20240304144031_flatboi,canon,4096,61440,0.87-0.90,0.8828,PHerc1667/segments/20240304144031-w018_20240304144031_flatboi/ink-detection/downsampled/PHerc1667-20240304144031-2.399um-0.22m-78keV-volume-20251217075048-20260417190342-new_canon_autoresearch_recipe-tile256-stride128-ds8.jpg,0.154,2.399
89,PHercParis4,20260701183139-w098-100,canon,16384,163840,0.50-0.65,0.5366,PHercParis4/segments/20260701183139-w098-100/ink-detection/downsampled/PHercParis4-20260701183139-2.4um-0.22m-78keV-volume-20260411134726-20260417190342-new_canon_autoresearch_recipe-tile256-stride128-ds8.jpg,0.1157,2.4
90,PHerc0814,20250925182632-auto_grown_20250925182632715,canon,4096,36864,0.65-0.75,0.6627,PHerc0814/segments/20250925182632-auto_grown_20250925182632715/ink-detection/downsampled/PHerc0814-20250925182632-2.399um-0.22m-78keV-volume-20260309142202-20260417190342-new_canon_autoresearch_recipe-tile256-stride128-ds8.jpg,0.0828,2.399
91,PHerc0139,20260206000001-w047_2026020613,canon,8192,8192,0.82-0.87,0.8455,PHerc0139/segments/20260206000001-w047_2026020613/ink-detection/downsampled/PHerc0139-20260206000001-2.399um-0.22m-78keV-volume-20260102150214-20260417190342-new_canon_autoresearch_recipe-tile256-stride128-ds8.jpg,0.1574,2.399
92,PHerc1667,20260105050000-w032_2026010505_flatboi,canon,0,16384,0.82-0.87,0.8472,PHerc1667/segments/20260105050000-w032_2026010505_flatboi/ink-detection/downsampled/PHerc1667-20260105050000-2.399um-0.22m-78keV-volume-20251217075048-20260417190342-new_canon_autoresearch_recipe-tile256-stride128-ds8.jpg,0.1287,2.399
93,PHerc1667,20240304141531-w013_20240304141531_flatboi,canon,20480,4096,0.95-1.01,0.9701,PHerc1667/segments/20240304141531-w013_20240304141531_flatboi/ink-detection/downsampled/PHerc1667-20240304141531-2.399um-0.22m-78keV-volume-20251217075048-20260417190342-new_canon_autoresearch_recipe-tile256-stride128-ds8.jpg,0.1693,2.399
95,PHerc1667,20240304141531-w013_20240304141531_flatboi,canon,32768,0,0.30-0.50,0.3752,PHerc1667/segments/20240304141531-w013_20240304141531_flatboi/ink-detection/downsampled/PHerc1667-20240304141531-2.399um-0.22m-78keV-volume-20251217075048-20260417190342-new_canon_autoresearch_recipe-tile256-stride128-ds8.jpg,0.0198,2.399
96,PHerc0814,20250926051122-auto_grown_20250926051122829,canon,4096,86016,0.87-0.90,0.8852,PHerc0814/segments/20250926051122-auto_grown_20250926051122829/ink-detection/downsampled/PHerc0814-20250926051122-2.399um-0.22m-78keV-volume-20260309142202-20260417190342-new_canon_autoresearch_recipe-tile256-stride128-ds8.jpg,0.1702,2.399
98,PHerc1667,20240304144031-w018_20240304144031_flatboi,canon,12288,86016,0.82-0.87,0.8693,PHerc1667/segments/20240304144031-w018_20240304144031_flatboi/ink-detection/downsampled/PHerc1667-20240304144031-2.399um-0.22m-78keV-volume-20251217075048-20260417190342-new_canon_autoresearch_recipe-tile256-stride128-ds8.jpg,0.1131,2.399
99,PHerc0139,20260303000000-w034_2026030317,canon,8192,20480,0.87-0.90,0.8974,PHerc0139/segments/20260303000000-w034_2026030317/ink-detection/downsampled/PHerc0139-20260303000000-2.399um-0.22m-78keV-volume-20260102150214-20260417190342-new_canon_autoresearch_recipe-tile256-stride128-ds8.jpg,0.1689,2.399
100,PHercParis4,20260701183129-w059-063,canon,16384,32768,0.65-0.75,0.7179,PHercParis4/segments/20260701183129-w059-063/ink-detection/downsampled/PHercParis4-20260701183129-2.4um-0.22m-78keV-volume-20260411134726-20260417190342-new_canon_autoresearch_recipe-tile256-stride128-ds8.jpg,0.1441,2.4
101,PHerc0139,20250108000000-w025_2025010863,canon,0,16384,0.82-0.87,0.8472,PHerc0139/segments/20250108000000-w025_2025010863/ink-detection/downsampled/PHerc0139-20250108000000-2.399um-0.22m-78keV-volume-20260102150214-20260417190342-new_canon_autoresearch_recipe-tile256-stride128-ds8.jpg,0.1207,2.399
102,PHerc0814,20250928235953-auto_grown_20250928235953722,canon,4096,40960,0.50-0.65,0.6413,PHerc0814/segments/20250928235953-auto_grown_20250928235953722/ink-detection/downsampled/PHerc0814-20250928235953-2.399um-0.22m-78keV-volume-20260309142202-20260417190342-new_canon_autoresearch_recipe-tile256-stride128-ds8.jpg,0.1123,2.399
104,PHerc0814,20250925222237-auto_grown_20250925222237459,canon,0,12288,0.82-0.87,0.821,PHerc0814/segments/20250925222237-auto_grown_20250925222237459/ink-detection/downsampled/PHerc0814-20250925222237-2.399um-0.22m-78keV-volume-20260309142202-20260417190342-new_canon_autoresearch_recipe-tile256-stride128-ds8.jpg,0.1504,2.399
107,PHercParis4,20260701183139-w098-100,canon,61440,20480,0.82-0.87,0.8604,PHercParis4/segments/20260701183139-w098-100/ink-detection/downsampled/PHercParis4-20260701183139-2.4um-0.22m-78keV-volume-20260411134726-20260417190342-new_canon_autoresearch_recipe-tile256-stride128-ds8.jpg,0.1399,2.4
108,PHerc1667,20260108140509-w011_20260108140509268_flatboi,canon,0,0,0.00-0.30,0.238,PHerc1667/segments/20260108140509-w011_20260108140509268_flatboi/ink-detection/downsampled/PHerc1667-20260108140509-2.399um-0.22m-78keV-volume-20251217075048-20260417190342-new_canon_autoresearch_recipe-tile256-stride128-ds8.jpg,0.0429,2.399
109,PHerc1667,20240304141531-w013_20240304141531_flatboi,canon,16384,12288,0.93-0.95,0.9486,PHerc1667/segments/20240304141531-w013_20240304141531_flatboi/ink-detection/downsampled/PHerc1667-20240304141531-2.399um-0.22m-78keV-volume-20251217075048-20260417190342-new_canon_autoresearch_recipe-tile256-stride128-ds8.jpg,0.1428,2.399
110,PHerc0139,20260219000000-w033_2026021913,canon,12288,20480,0.75-0.82,0.8002,PHerc0139/segments/20260219000000-w033_2026021913/ink-detection/downsampled/PHerc0139-20260219000000-2.399um-0.22m-78keV-volume-20260102150214-20260417190342-new_canon_autoresearch_recipe-tile256-stride128-ds8.jpg,0.155,2.399
111,PHercParis4,20231012184424,canon,28672,16384,0.93-0.95,0.9337,PHercParis4/segments/20231012184424/ink-detection/downsampled/PHercParis4-20231012184424-2.4um-0.22m-78keV-volume-20260411134726-20260417190342-new_canon_autoresearch_recipe-tile256-stride128-ds8.jpg,0.1714,2.4
112,PHerc1667,20240304144031-w018_20240304144031_flatboi,canon,16384,61440,0.87-0.90,0.8908,PHerc1667/segments/20240304144031-w018_20240304144031_flatboi/ink-detection/downsampled/PHerc1667-20240304144031-2.399um-0.22m-78keV-volume-20251217075048-20260417190342-new_canon_autoresearch_recipe-tile256-stride128-ds8.jpg,0.1773,2.399
114,PHerc0139,20260126000000-w045_2026012619,canon,8192,4096,0.75-0.82,0.7923,PHerc0139/segments/20260126000000-w045_2026012619/ink-detection/downsampled/PHerc0139-20260126000000-2.399um-0.22m-78keV-volume-20260102150214-20260417190342-new_canon_autoresearch_recipe-tile256-stride128-ds8.jpg,0.1709,2.399
115,PHerc1667,20240304144031-w018_20240304144031_flatboi,canon,24576,65536,0.90-0.93,0.9103,PHerc1667/segments/20240304144031-w018_20240304144031_flatboi/ink-detection/downsampled/PHerc1667-20240304144031-2.399um-0.22m-78keV-volume-20251217075048-20260417190342-new_canon_autoresearch_recipe-tile256-stride128-ds8.jpg,0.194,2.399
116,PHerc0343P,20250511003658-tifxyz,canon,0,0,0.75-0.82,0.7782,PHerc0343P/segments/20250511003658-tifxyz/ink-detection/downsampled/PHerc0343P-20250511003658-2.215um-0.4m-111keV-volume-20260304131111-20260417190342-new_canon_autoresearch_recipe-tile256-stride128-ds8.jpg,0.0652,2.215
117,PHercParis4,20260623164141-w113-115,canon,12288,163840,0.82-0.87,0.8314,PHercParis4/segments/20260623164141-w113-115/ink-detection/downsampled/PHercParis4-20260623164141-2.4um-0.22m-78keV-volume-20260411134726-20260417190342-new_canon_autoresearch_recipe-tile256-stride128-ds8.jpg,0.1459,2.4
118,PHercParis4,20260623141924-w010-027,canon,20480,61440,0.87-0.90,0.8893,PHercParis4/segments/20260623141924-w010-027/ink-detection/downsampled/PHercParis4-20260623141924-2.4um-0.22m-78keV-volume-20260411134726-20260417190342-new_canon_autoresearch_recipe-tile256-stride128-ds8.jpg,0.1571,2.4
201,PHercParis4,20260623151729-w073-076,1um_s1z2,26112,56576,0.75-0.82,0.7523,PHercParis4/segments/20260623151729-w073-076/ink-detection/downsampled/PHercParis4-20260623151729-1.129um-0.23m-78keV-volume-20260608103018-L1-20260709123958-mrg20736-1um-s1z2-tile256-stride128-ds8.jpg,0.136,2.258
202,PHerc1667,20240304144031-w018_20240304144031_flatboi,1um_s1z2,26112,13056,0.93-0.95,0.9301,PHerc1667/segments/20240304144031-w018_20240304144031_flatboi/ink-detection/downsampled/PHerc1667-20240304144031-1.129um-0.22m-59keV-volume-20260323082859-L1-20260709123958-mrg20736-1um-s1z2-tile256-stride128-ds8.jpg,0.1446,2.258
203,PHerc0139,20250223000000-w059_2025022312,1um_s1z2,13056,4352,0.50-0.65,0.5007,PHerc0139/segments/20250223000000-w059_2025022312/ink-detection/downsampled/PHerc0139-20250223000000-1.129um-0.22m-59keV-volume-20260413113053-L1-20260709123958-mrg20736-1um-s1z2-tile256-stride128-ds8.jpg,0.1699,2.258
204,PHercParis4,20260623155240-w092-094,1um_s1z2,30464,26112,0.30-0.50,0.4585,PHercParis4/segments/20260623155240-w092-094/ink-detection/downsampled/PHercParis4-20260623155240-1.129um-0.23m-78keV-volume-20260608103018-L1-20260709123958-mrg20736-1um-s1z2-tile256-stride128-ds8.jpg,0.1376,2.258
205,PHerc0139,20250223000000-w059_2025022312,1um_s1z2,8704,13056,0.82-0.87,0.8499,PHerc0139/segments/20250223000000-w059_2025022312/ink-detection/downsampled/PHerc0139-20250223000000-1.129um-0.22m-59keV-volume-20260413113053-L1-20260709123958-mrg20736-1um-s1z2-tile256-stride128-ds8.jpg,0.1291,2.258
206,PHercParis4,20260623164141-w113-115,1um_s1z2,43520,34816,0.00-0.30,0.1654,PHercParis4/segments/20260623164141-w113-115/ink-detection/downsampled/PHercParis4-20260623164141-1.129um-0.23m-78keV-volume-20260608103018-L1-20260709123958-mrg20736-1um-s1z2-tile256-stride128-ds8.jpg,0.1553,2.258
207,PHercParis4,20260623164704-w116-117,1um_s1z2,21760,82688,0.87-0.90,0.8909,PHercParis4/segments/20260623164704-w116-117/ink-detection/downsampled/PHercParis4-20260623164704-1.129um-0.23m-78keV-volume-20260608103018-L1-20260709123958-mrg20736-1um-s1z2-tile256-stride128-ds8.jpg,0.1479,2.258
208,PHerc1667,20251208130119-w028_20251208130119156_flatboi,1um_s1z2,13056,17408,0.50-0.65,0.5553,PHerc1667/segments/20251208130119-w028_20251208130119156_flatboi/ink-detection/downsampled/PHerc1667-20251208130119-1.129um-0.22m-59keV-volume-20260323082859-L1-20260709123958-mrg20736-1um-s1z2-tile256-stride128-ds8.jpg,0.0665,2.258
209,PHerc0139,20250108000003-w028_2025010836,1um_s1z2,8704,0,0.30-0.50,0.4308,PHerc0139/segments/20250108000003-w028_2025010836/ink-detection/downsampled/PHerc0139-20250108000003-1.129um-0.22m-59keV-volume-20260413113053-L1-20260709123958-mrg20736-1um-s1z2-tile256-stride128-ds8.jpg,0.0432,2.258
210,PHerc0172,20251110135146-w085_20251110135146457_flatboi,other,3720,2480,0.65-0.75,0.678,PHerc0172/segments/20251110135146-w085_20251110135146457_flatboi/ink-detection/downsampled/PHerc0172-20251110135146-7.91um-53keV-volume-20241024131838-20251222202946-timesformer_scroll5_november19-tile64-stride16-ds8.jpg,0.1349,7.91
211,PHerc0172,20251112163527-w071_20251112163527854_flatboi,other,0,1240,0.30-0.50,0.5321,PHerc0172/segments/20251112163527-w071_20251112163527854_flatboi/ink-detection/downsampled/PHerc0172-20251112163527-7.91um-53keV-volume-20241024131838-20251222202946-timesformer_scroll5_november19-tile64-stride16-ds8.jpg,0.1012,7.91
212,PHercParis4,20260623153216-w081-084,1um_s1z2,34816,65280,0.65-0.75,0.6714,PHercParis4/segments/20260623153216-w081-084/ink-detection/downsampled/PHercParis4-20260623153216-1.129um-0.23m-78keV-volume-20260608103018-L1-20260709123958-mrg20736-1um-s1z2-tile256-stride128-ds8.jpg,0.0889,2.258
213,PHerc1667,20240304144031-w018_20240304144031_flatboi,1um_s1z2,30464,82688,0.00-0.30,0.0829,PHerc1667/segments/20240304144031-w018_20240304144031_flatboi/ink-detection/downsampled/PHerc1667-20240304144031-1.129um-0.22m-59keV-volume-20260323082859-L1-20260709123958-mrg20736-1um-s1z2-tile256-stride128-ds8.jpg,0.0108,2.258
214,PHerc1667,20240304144031-w018_20240304144031_flatboi,1um_s1z2,26112,69632,0.90-0.93,0.9004,PHerc1667/segments/20240304144031-w018_20240304144031_flatboi/ink-detection/downsampled/PHerc1667-20240304144031-1.129um-0.22m-59keV-volume-20260323082859-L1-20260709123958-mrg20736-1um-s1z2-tile256-stride128-ds8.jpg,0.1214,2.258
215,PHerc0172,20251110110112-w066_20251110110112608_flatboi,other,2480,6200,0.93-0.95,0.7234,PHerc0172/segments/20251110110112-w066_20251110110112608_flatboi/ink-detection/downsampled/PHerc0172-20251110110112-7.91um-53keV-volume-20241024131838-20251222202946-timesformer_scroll5_november19-tile64-stride16-ds8.jpg,0.2222,7.91
216,PHerc0139,20260318000000-w049_20260318,1um_s1z2,4352,0,0.65-0.75,0.6931,PHerc0139/segments/20260318000000-w049_20260318/ink-detection/downsampled/PHerc0139-20260318000000-1.129um-0.22m-59keV-volume-20260413113053-L1-20260709123958-mrg20736-1um-s1z2-tile256-stride128-ds8.jpg,0.0301,2.258
217,PHerc0172,20251114202035-w081_20251114202035261_flatboi,other,7440,8680,0.87-0.90,0.8931,PHerc0172/segments/20251114202035-w081_20251114202035261_flatboi/ink-detection/downsampled/PHerc0172-20251114202035-7.91um-53keV-volume-20241024131838-20251222202946-timesformer_scroll5_november19-tile64-stride16-ds8.jpg,0.2302,7.91
218,PHerc1667,20260105050000-w032_2026010505_flatboi,1um_s1z2,13056,21760,0.65-0.75,0.6853,PHerc1667/segments/20260105050000-w032_2026010505_flatboi/ink-detection/downsampled/PHerc1667-20260105050000-1.129um-0.22m-59keV-volume-20260323082859-L1-20260709123958-mrg20736-1um-s1z2-tile256-stride128-ds8.jpg,0.0592,2.258
219,PHerc0172,20251115002747-auto_grown_20251115002740308_7_flatboi,other,2480,9920,0.75-0.82,0.7618,PHerc0172/segments/20251115002747-auto_grown_20251115002740308_7_flatboi/ink-detection/downsampled/PHerc0172-20251115002747-7.91um-53keV-volume-20241024131838-20251222202946-timesformer_scroll5_november19-tile64-stride16-ds8.jpg,0.1666,7.91
220,PHerc0172,20251114202035-w081_20251114202035261_flatboi,other,1240,1240,0.90-0.93,0.9082,PHerc0172/segments/20251114202035-w081_20251114202035261_flatboi/ink-detection/downsampled/PHerc0172-20251114202035-7.91um-53keV-volume-20241024131838-20251222202946-timesformer_scroll5_november19-tile64-stride16-ds8.jpg,0.1904,7.91
221,PHercParis4,20260623141924-w010-027,1um_s1z2,34816,0,0.95-1.01,0.9551,PHercParis4/segments/20260623141924-w010-027/ink-detection/downsampled/PHercParis4-20260623141924-1.129um-0.23m-78keV-volume-20260608103018-L1-20260709123958-mrg20736-1um-s1z2-tile256-stride128-ds8.jpg,0.1344,2.258
222,PHerc1667,20240304161941-w023_20240304161941_flatboi,1um_s1z2,26112,69632,0.87-0.90,0.8908,PHerc1667/segments/20240304161941-w023_20240304161941_flatboi/ink-detection/downsampled/PHerc1667-20240304161941-1.129um-0.22m-59keV-volume-20260323082859-L1-20260709123958-mrg20736-1um-s1z2-tile256-stride128-ds8.jpg,0.1245,2.258
223,PHercParis4,20260623164141-w113-115,1um_s1z2,30464,169728,0.50-0.65,0.5884,PHercParis4/segments/20260623164141-w113-115/ink-detection/downsampled/PHercParis4-20260623164141-1.129um-0.23m-78keV-volume-20260608103018-L1-20260709123958-mrg20736-1um-s1z2-tile256-stride128-ds8.jpg,0.076,2.258
224,PHercParis4,20260623143441-w038-045,1um_s1z2,21760,108800,0.93-0.95,0.9467,PHercParis4/segments/20260623143441-w038-045/ink-detection/downsampled/PHercParis4-20260623143441-1.129um-0.23m-78keV-volume-20260608103018-L1-20260709123958-mrg20736-1um-s1z2-tile256-stride128-ds8.jpg,0.1579,2.258
225,PHerc0139,20260310000000-w037_2026031015,1um_s1z2,4352,0,0.87-0.90,0.8792,PHerc0139/segments/20260310000000-w037_2026031015/ink-detection/downsampled/PHerc0139-20260310000000-1.129um-0.22m-59keV-volume-20260413113053-L1-20260709123958-mrg20736-1um-s1z2-tile256-stride128-ds8.jpg,0.134,2.258
226,PHerc1667,20240304161941-w023_20240304161941_flatboi,1um_s1z2,26112,73984,0.75-0.82,0.7964,PHerc1667/segments/20240304161941-w023_20240304161941_flatboi/ink-detection/downsampled/PHerc1667-20240304161941-1.129um-0.22m-59keV-volume-20260323082859-L1-20260709123958-mrg20736-1um-s1z2-tile256-stride128-ds8.jpg,0.0763,2.258
227,PHerc0172,20251107110950-w064_20251107110950052_flatboi,other,4960,2480,0.95-1.01,0.9051,PHerc0172/segments/20251107110950-w064_20251107110950052_flatboi/ink-detection/downsampled/PHerc0172-20251107110950-7.91um-53keV-volume-20241024131838-20251222202946-timesformer_scroll5_november19-tile64-stride16-ds8.jpg,0.2235,7.91
228,PHerc0172,20251115002744-auto_grown_20251115002740308_4_flatboi,other,11160,48360,0.50-0.65,0.5266,PHerc0172/segments/20251115002744-auto_grown_20251115002740308_4_flatboi/ink-detection/downsampled/PHerc0172-20251115002744-7.91um-53keV-volume-20241024131838-20251222202946-timesformer_scroll5_november19-tile64-stride16-ds8.jpg,0.0944,7.91
229,PHerc1667,20240304144031-w018_20240304144031_flatboi,1um_s1z2,21760,69632,0.82-0.87,0.8441,PHerc1667/segments/20240304144031-w018_20240304144031_flatboi/ink-detection/downsampled/PHerc1667-20240304144031-1.129um-0.22m-59keV-volume-20260323082859-L1-20260709123958-mrg20736-1um-s1z2-tile256-stride128-ds8.jpg,0.1098,2.258
230,PHerc0172,20251115002744-auto_grown_20251115002740308_4_flatboi,other,4960,32240,0.00-0.30,0.2959,PHerc0172/segments/20251115002744-auto_grown_20251115002740308_4_flatboi/ink-detection/downsampled/PHerc0172-20251115002744-7.91um-53keV-volume-20241024131838-20251222202946-timesformer_scroll5_november19-tile64-stride16-ds8.jpg,0.0542,7.91
231,PHerc0139,20250108000001-w026_2025010854,1um_s1z2,8704,17408,0.00-0.30,0.2936,PHerc0139/segments/20250108000001-w026_2025010854/ink-detection/downsampled/PHerc0139-20250108000001-1.129um-0.22m-59keV-volume-20260413113053-L1-20260709123958-mrg20736-1um-s1z2-tile256-stride128-ds8.jpg,0.0128,2.258
232,PHercParis4,20260623164704-w116-117,1um_s1z2,30464,95744,0.82-0.87,0.8273,PHercParis4/segments/20260623164704-w116-117/ink-detection/downsampled/PHercParis4-20260623164704-1.129um-0.23m-78keV-volume-20260608103018-L1-20260709123958-mrg20736-1um-s1z2-tile256-stride128-ds8.jpg,0.1589,2.258
233,PHerc1667,20251208130119-w028_20251208130119156_flatboi,1um_s1z2,13056,13056,0.30-0.50,0.4256,PHerc1667/segments/20251208130119-w028_20251208130119156_flatboi/ink-detection/downsampled/PHerc1667-20251208130119-1.129um-0.22m-59keV-volume-20260323082859-L1-20260709123958-mrg20736-1um-s1z2-tile256-stride128-ds8.jpg,0.0552,2.258
234,PHerc0139,20260227000000-w052_2026022705,1um_s1z2,8704,8704,0.75-0.82,0.7501,PHerc0139/segments/20260227000000-w052_2026022705/ink-detection/downsampled/PHerc0139-20260227000000-1.129um-0.22m-59keV-volume-20260413113053-L1-20260709123958-mrg20736-1um-s1z2-tile256-stride128-ds8.jpg,0.0528,2.258
235,PHerc0172,20251115002743-auto_grown_20251115002740308_3_flatboi,other,4960,19840,0.82-0.87,0.5844,PHerc0172/segments/20251115002743-auto_grown_20251115002740308_3_flatboi/ink-detection/downsampled/PHerc0172-20251115002743-7.91um-53keV-volume-20241024131838-20251222202946-timesformer_scroll5_november19-tile64-stride16-ds8.jpg,0.1289,7.91
236,PHercParis4,20260623143441-w038-045,1um_s1z2,17408,134912,0.90-0.93,0.9293,PHercParis4/segments/20260623143441-w038-045/ink-detection/downsampled/PHercParis4-20260623143441-1.129um-0.23m-78keV-volume-20260608103018-L1-20260709123958-mrg20736-1um-s1z2-tile256-stride128-ds8.jpg,0.1466,2.258
237,PHercParis4,20231210121321,1um_s1z2,26112,21760,0.95-1.01,0.9539,PHercParis4/segments/20231210121321/ink-detection/downsampled/PHercParis4-20231210121321-1.129um-0.23m-78keV-volume-20260608103018-L1-20260709123958-mrg20736-1um-s1z2-tile256-stride128-ds8.jpg,0.1717,2.258
238,PHercParis4,20260623142658-w028-037,1um_s1z2,26112,139264,0.90-0.93,0.9053,PHercParis4/segments/20260623142658-w028-037/ink-detection/downsampled/PHercParis4-20260623142658-1.129um-0.23m-78keV-volume-20260608103018-L1-20260709123958-mrg20736-1um-s1z2-tile256-stride128-ds8.jpg,0.0985,2.258
239,PHercParis4,20260623143441-w038-045,1um_s1z2,39168,139264,0.93-0.95,0.9488,PHercParis4/segments/20260623143441-w038-045/ink-detection/downsampled/PHercParis4-20260623143441-1.129um-0.23m-78keV-volume-20260608103018-L1-20260709123958-mrg20736-1um-s1z2-tile256-stride128-ds8.jpg,0.1167,2.258
240,PHercParis4,20230702185753,1um_s1z2,43520,8704,0.95-1.01,0.9622,PHercParis4/segments/20230702185753/ink-detection/downsampled/PHercParis4-20230702185753-1.129um-0.23m-78keV-volume-20260608103018-L1-20260709123958-mrg20736-1um-s1z2-tile256-stride128-ds8.jpg,0.1489,2.258
