cell,verdict,scroll,recipe,max_score,segment,key
0,estructura,PHerc0172,other,0.8983,20251115002742-auto_grown_20251115002740308_2_flatboi,PHerc0172/segments/20251115002742-auto_grown_20251115002740308_2_flatboi/ink-detection/downsampled/PHerc0172-20251115002742-7.91um-53keV-volume-20241024131838-20250713185324-timesformer_scroll5_july_retreat-tile64-stride16-ds8.jpg
1,estructura,PHerc0172,other,0.8973,20251212105627-w052_20251212105627148_flatboi,PHerc0172/segments/20251212105627-w052_20251212105627148_flatboi/ink-detection/downsampled/PHerc0172-20251212105627-7.91um-53keV-volume-20241024131838-20250713185324-timesformer_scroll5_july_retreat-tile64-stride16-ds8.jpg
2,moteado,PHerc0172,other,0.8966,20250926113336-w079_20250926113336891_flatboi,PHerc0172/segments/20250926113336-w079_20250926113336891_flatboi/ink-detection/downsampled/PHerc0172-20250926113336-7.91um-53keV-volume-20241024131838-20251222202946-timesformer_scroll5_november19-tile64-stride16-ds8.jpg
3,estructura,PHerc0172,other,0.896,20251112163527-w071_20251112163527854_flatboi,PHerc0172/segments/20251112163527-w071_20251112163527854_flatboi/ink-detection/downsampled/PHerc0172-20251112163527-7.91um-53keV-volume-20241024131838-20250713185324-timesformer_scroll5_july_retreat-tile64-stride16-ds8.jpg
4,estructura,PHerc0172,other,0.896,20251111210734-w070_20251111210734722_flatboi,PHerc0172/segments/20251111210734-w070_20251111210734722_flatboi/ink-detection/downsampled/PHerc0172-20251111210734-7.91um-53keV-volume-20241024131838-20250713185324-timesformer_scroll5_july_retreat-tile64-stride16-ds8.jpg
5,moteado,PHerc0172,other,0.8948,20251113152136-w074_20251113152136889_flatboi,PHerc0172/segments/20251113152136-w074_20251113152136889_flatboi/ink-detection/downsampled/PHerc0172-20251113152136-7.91um-53keV-volume-20241024131838-20250713185324-timesformer_scroll5_july_retreat-tile64-stride16-ds8.jpg
6,letras,PHercParis4,1um_s1z2,0.8936,20260623154006-w085-088,PHercParis4/segments/20260623154006-w085-088/ink-detection/downsampled/PHercParis4-20260623154006-1.129um-0.23m-78keV-volume-20260608103018-L1-20260709123958-mrg20736-1um-s1z2-tile256-stride128-ds8.jpg
7,letras,PHercParis4,canon,0.893,20260701183150-w126-127,PHercParis4/segments/20260701183150-w126-127/ink-detection/downsampled/PHercParis4-20260701183150-2.4um-0.22m-78keV-volume-20260411134726-20260417190342-new_canon_autoresearch_recipe-tile256-stride128-ds8.jpg
8,moteado,PHerc0172,other,0.8921,20251115002746-auto_grown_20251115002740308_6_flatboi,PHerc0172/segments/20251115002746-auto_grown_20251115002740308_6_flatboi/ink-detection/downsampled/PHerc0172-20251115002746-7.91um-53keV-volume-20241024131838-20250713185324-timesformer_scroll5_july_retreat-tile64-stride16-ds8.jpg
9,letras,PHerc1667,1um_s1z2,0.8908,20240304161941-w023_20240304161941_flatboi,PHerc1667/segments/20240304161941-w023_20240304161941_flatboi/ink-detection/downsampled/PHerc1667-20240304161941-1.129um-0.22m-59keV-volume-20260323082859-L1-20260709123958-mrg20736-1um-s1z2-tile256-stride128-ds8.jpg
10,letras,PHercParis4,canon,0.889,20260623170833-w124-125,PHercParis4/segments/20260623170833-w124-125/ink-detection/downsampled/PHercParis4-20260623170833-2.4um-0.22m-78keV-volume-20260411134726-20260417190342-new_canon_autoresearch_recipe-tile256-stride128-ds8.jpg
11,moteado,PHerc0172,other,0.8885,20251107175958-w061_20251107175958270_flatboi,PHerc0172/segments/20251107175958-w061_20251107175958270_flatboi/ink-detection/downsampled/PHerc0172-20251107175958-7.91um-53keV-volume-20241024131838-20250713185324-timesformer_scroll5_july_retreat-tile64-stride16-ds8.jpg
12,estructura,PHerc0172,other,0.8865,20251110110112-w066_20251110110112608_flatboi,PHerc0172/segments/20251110110112-w066_20251110110112608_flatboi/ink-detection/downsampled/PHerc0172-20251110110112-7.91um-53keV-volume-20241024131838-20251222202946-timesformer_scroll5_november19-tile64-stride16-ds8.jpg
13,moteado,PHerc0172,other,0.8861,20251210142414-w059_20251210142414060_flatboi,PHerc0172/segments/20251210142414-w059_20251210142414060_flatboi/ink-detection/downsampled/PHerc0172-20251210142414-7.91um-53keV-volume-20241024131838-20250713185324-timesformer_scroll5_july_retreat-tile64-stride16-ds8.jpg
14,moteado,PHerc0172,other,0.8851,20251106170358-w076_20251106170358232_flatboi,PHerc0172/segments/20251106170358-w076_20251106170358232_flatboi/ink-detection/downsampled/PHerc0172-20251106170358-7.91um-53keV-volume-20241024131838-20251222202946-timesformer_scroll5_november19-tile64-stride16-ds8.jpg
15,estructura,PHerc0172,other,0.8846,20251115002745-auto_grown_20251115002740308_5_flatboi,PHerc0172/segments/20251115002745-auto_grown_20251115002740308_5_flatboi/ink-detection/downsampled/PHerc0172-20251115002745-7.91um-53keV-volume-20241024131838-20251222202946-timesformer_scroll5_november19-tile64-stride16-ds8.jpg
16,estructura,PHerc0172,other,0.8824,20251111151836-w069_20251111151836406_flatboi,PHerc0172/segments/20251111151836-w069_20251111151836406_flatboi/ink-detection/downsampled/PHerc0172-20251111151836-7.91um-53keV-volume-20241024131838-20250713185324-timesformer_scroll5_july_retreat-tile64-stride16-ds8.jpg
17,moteado,PHerc0172,other,0.8809,20251115002743-auto_grown_20251115002740308_3_flatboi,PHerc0172/segments/20251115002743-auto_grown_20251115002740308_3_flatboi/ink-detection/downsampled/PHerc0172-20251115002743-7.91um-53keV-volume-20241024131838-20250713185324-timesformer_scroll5_july_retreat-tile64-stride16-ds8.jpg
18,moteado,PHerc0172,other,0.8805,20251106133152-w077_20251106133152767_flatboi,PHerc0172/segments/20251106133152-w077_20251106133152767_flatboi/ink-detection/downsampled/PHerc0172-20251106133152-7.91um-53keV-volume-20241024131838-20250713185324-timesformer_scroll5_july_retreat-tile64-stride16-ds8.jpg
19,letras,PHercParis4,canon,0.8803,20260701183149-w124-125,PHercParis4/segments/20260701183149-w124-125/ink-detection/downsampled/PHercParis4-20260701183149-2.4um-0.22m-78keV-volume-20260411134726-20260417190342-new_canon_autoresearch_recipe-tile256-stride128-ds8.jpg
20,moteado,PHerc0172,other,0.8791,20251207123912-w060_20251207123912611_flatboi,PHerc0172/segments/20251207123912-w060_20251207123912611_flatboi/ink-detection/downsampled/PHerc0172-20251207123912-7.91um-53keV-volume-20241024131838-20250713185324-timesformer_scroll5_july_retreat-tile64-stride16-ds8.jpg
21,moteado,PHerc0172,other,0.8778,20250926122938-w082_20250926122938619_flatboi,PHerc0172/segments/20250926122938-w082_20250926122938619_flatboi/ink-detection/downsampled/PHerc0172-20250926122938-7.91um-53keV-volume-20241024131838-20250713185324-timesformer_scroll5_july_retreat-tile64-stride16-ds8.jpg
22,moteado,PHerc0172,other,0.8777,20251210153304-w058_20251210153304503_flatboi,PHerc0172/segments/20251210153304-w058_20251210153304503_flatboi/ink-detection/downsampled/PHerc0172-20251210153304-7.91um-53keV-volume-20241024131838-20250713185324-timesformer_scroll5_july_retreat-tile64-stride16-ds8.jpg
23,moteado,PHerc0172,other,0.8776,20251107063327-w063_20251107063327215_flatboi,PHerc0172/segments/20251107063327-w063_20251107063327215_flatboi/ink-detection/downsampled/PHerc0172-20251107063327-7.91um-53keV-volume-20241024131838-20250713185324-timesformer_scroll5_july_retreat-tile64-stride16-ds8.jpg
24,moteado,PHerc0172,other,0.8768,20251113152136-w074_20251113152136889_flatboi,PHerc0172/segments/20251113152136-w074_20251113152136889_flatboi/ink-detection/downsampled/PHerc0172-20251113152136-7.91um-53keV-volume-20241024131838-20251222202946-timesformer_scroll5_november19-tile64-stride16-ds8.jpg
25,moteado,PHerc0172,other,0.8767,20251113021010-w072_20251113021010674_flatboi,PHerc0172/segments/20251113021010-w072_20251113021010674_flatboi/ink-detection/downsampled/PHerc0172-20251113021010-7.91um-53keV-volume-20241024131838-20251222202946-timesformer_scroll5_november19-tile64-stride16-ds8.jpg
26,letras,PHercParis4,1um_s1z2,0.8756,20260623150417-w064-068,PHercParis4/segments/20260623150417-w064-068/ink-detection/downsampled/PHercParis4-20260623150417-1.129um-0.23m-78keV-volume-20260608103018-L1-20260709123958-mrg20736-1um-s1z2-tile256-stride128-ds8.jpg
27,moteado,PHerc0172,other,0.8754,20250917143559-w062_20250917143559205_flatboi,PHerc0172/segments/20250917143559-w062_20250917143559205_flatboi/ink-detection/downsampled/PHerc0172-20250917143559-7.91um-53keV-volume-20241024131838-20250713185324-timesformer_scroll5_july_retreat-tile64-stride16-ds8.jpg
28,letras,PHercParis4,1um_s1z2,0.8729,20260623155240-w092-094,PHercParis4/segments/20260623155240-w092-094/ink-detection/downsampled/PHercParis4-20260623155240-1.129um-0.23m-78keV-volume-20260608103018-L1-20260709123958-mrg20736-1um-s1z2-tile256-stride128-ds8.jpg
29,letras,PHercParis4,1um_s1z2,0.8708,20260623153216-w081-084,PHercParis4/segments/20260623153216-w081-084/ink-detection/downsampled/PHercParis4-20260623153216-1.129um-0.23m-78keV-volume-20260608103018-L1-20260709123958-mrg20736-1um-s1z2-tile256-stride128-ds8.jpg
30,moteado,PHerc0172,other,0.8705,20251113130119-w073_20251113130119516_flatboi,PHerc0172/segments/20251113130119-w073_20251113130119516_flatboi/ink-detection/downsampled/PHerc0172-20251113130119-7.91um-53keV-volume-20241024131838-20251222202946-timesformer_scroll5_november19-tile64-stride16-ds8.jpg
31,moteado,PHerc0172,other,0.8705,20251115002747-auto_grown_20251115002740308_7_flatboi,PHerc0172/segments/20251115002747-auto_grown_20251115002740308_7_flatboi/ink-detection/downsampled/PHerc0172-20251115002747-7.91um-53keV-volume-20241024131838-20250713185324-timesformer_scroll5_july_retreat-tile64-stride16-ds8.jpg
32,letras,PHercParis4,1um_s1z2,0.8682,20260623154617-w089-091,PHercParis4/segments/20260623154617-w089-091/ink-detection/downsampled/PHercParis4-20260623154617-1.129um-0.23m-78keV-volume-20260608103018-L1-20260709123958-mrg20736-1um-s1z2-tile256-stride128-ds8.jpg
33,moteado,PHerc0172,other,0.8671,20251210142414-w059_20251210142414060_flatboi,PHerc0172/segments/20251210142414-w059_20251210142414060_flatboi/ink-detection/downsampled/PHerc0172-20251210142414-7.91um-53keV-volume-20241024131838-20251222202946-timesformer_scroll5_november19-tile64-stride16-ds8.jpg
34,letras,PHercParis4,1um_s1z2,0.867,20260623151729-w073-076,PHercParis4/segments/20260623151729-w073-076/ink-detection/downsampled/PHercParis4-20260623151729-1.129um-0.23m-78keV-volume-20260608103018-L1-20260709123958-mrg20736-1um-s1z2-tile256-stride128-ds8.jpg
35,moteado,PHerc0172,other,0.8614,20251115002748-auto_grown_20251115002740308_8_flatboi,PHerc0172/segments/20251115002748-auto_grown_20251115002740308_8_flatboi/ink-detection/downsampled/PHerc0172-20251115002748-7.91um-53keV-volume-20241024131838-20250713185324-timesformer_scroll5_july_retreat-tile64-stride16-ds8.jpg
36,letras,PHercParis4,canon,0.8599,20260701183151-w128-129,PHercParis4/segments/20260701183151-w128-129/ink-detection/downsampled/PHercParis4-20260701183151-2.4um-0.22m-78keV-volume-20260411134726-20260417190342-new_canon_autoresearch_recipe-tile256-stride128-ds8.jpg
37,estructura,PHerc0172,other,0.8596,20251111210734-w070_20251111210734722_flatboi,PHerc0172/segments/20251111210734-w070_20251111210734722_flatboi/ink-detection/downsampled/PHerc0172-20251111210734-7.91um-53keV-volume-20241024131838-20251222202946-timesformer_scroll5_november19-tile64-stride16-ds8.jpg
38,moteado,PHerc0172,other,0.8562,20251115002745-auto_grown_20251115002740308_5_flatboi,PHerc0172/segments/20251115002745-auto_grown_20251115002740308_5_flatboi/ink-detection/downsampled/PHerc0172-20251115002745-7.91um-53keV-volume-20241024131838-20250713185324-timesformer_scroll5_july_retreat-tile64-stride16-ds8.jpg
39,estructura,PHerc0172,other,0.8555,20251211095724-w056_20251211095724922_flatboi,PHerc0172/segments/20251211095724-w056_20251211095724922_flatboi/ink-detection/downsampled/PHerc0172-20251211095724-7.91um-53keV-volume-20241024131838-20250713185324-timesformer_scroll5_july_retreat-tile64-stride16-ds8.jpg
40,estructura,PHerc0172,other,0.8543,20251110135803-w067_20251110135803677_flatboi,PHerc0172/segments/20251110135803-w067_20251110135803677_flatboi/ink-detection/downsampled/PHerc0172-20251110135803-7.91um-53keV-volume-20241024131838-20251222202946-timesformer_scroll5_november19-tile64-stride16-ds8.jpg
41,moteado,PHerc0172,other,0.8536,20251111151836-w069_20251111151836406_flatboi,PHerc0172/segments/20251111151836-w069_20251111151836406_flatboi/ink-detection/downsampled/PHerc0172-20251111151836-7.91um-53keV-volume-20241024131838-20251222202946-timesformer_scroll5_november19-tile64-stride16-ds8.jpg
42,moteado,PHerc0172,other,0.851,20251115002744-auto_grown_20251115002740308_4_flatboi,PHerc0172/segments/20251115002744-auto_grown_20251115002740308_4_flatboi/ink-detection/downsampled/PHerc0172-20251115002744-7.91um-53keV-volume-20241024131838-20251222202946-timesformer_scroll5_november19-tile64-stride16-ds8.jpg
43,moteado,PHerc0172,other,0.8502,20251211111451-w055_20251211111451620_flatboi,PHerc0172/segments/20251211111451-w055_20251211111451620_flatboi/ink-detection/downsampled/PHerc0172-20251211111451-7.91um-53keV-volume-20241024131838-20250713185324-timesformer_scroll5_july_retreat-tile64-stride16-ds8.jpg
44,moteado,PHerc0172,other,0.8502,20251210153304-w058_20251210153304503_flatboi,PHerc0172/segments/20251210153304-w058_20251210153304503_flatboi/ink-detection/downsampled/PHerc0172-20251210153304-7.91um-53keV-volume-20241024131838-20251222202946-timesformer_scroll5_november19-tile64-stride16-ds8.jpg
45,moteado,PHerc0172,other,0.8478,20251113204233-w075_20251113204233755_flatboi,PHerc0172/segments/20251113204233-w075_20251113204233755_flatboi/ink-detection/downsampled/PHerc0172-20251113204233-7.91um-53keV-volume-20241024131838-20251222202946-timesformer_scroll5_november19-tile64-stride16-ds8.jpg
46,estructura,PHercParis4,1um_s1z2,0.8473,20260623151041-w069-072,PHercParis4/segments/20260623151041-w069-072/ink-detection/downsampled/PHercParis4-20260623151041-1.129um-0.23m-78keV-volume-20260608103018-L1-20260709123958-mrg20736-1um-s1z2-tile256-stride128-ds8.jpg
47,moteado,PHerc0172,other,0.8456,20251210160810-w057_20251210160810301_flatboi,PHerc0172/segments/20251210160810-w057_20251210160810301_flatboi/ink-detection/downsampled/PHerc0172-20251210160810-7.91um-53keV-volume-20241024131838-20251222202946-timesformer_scroll5_november19-tile64-stride16-ds8.jpg
48,estructura,PHerc0172,other,0.8453,20251111010954-w068_20251111010954408_flatboi,PHerc0172/segments/20251111010954-w068_20251111010954408_flatboi/ink-detection/downsampled/PHerc0172-20251111010954-7.91um-53keV-volume-20241024131838-20251222202946-timesformer_scroll5_november19-tile64-stride16-ds8.jpg
49,moteado,PHerc0172,other,0.845,20250917143559-w062_20250917143559205_flatboi,PHerc0172/segments/20250917143559-w062_20250917143559205_flatboi/ink-detection/downsampled/PHerc0172-20250917143559-7.91um-53keV-volume-20241024131838-20251222202946-timesformer_scroll5_november19-tile64-stride16-ds8.jpg
50,estructura,PHerc0172,other,0.8444,20251115002746-auto_grown_20251115002740308_6_flatboi,PHerc0172/segments/20251115002746-auto_grown_20251115002740308_6_flatboi/ink-detection/downsampled/PHerc0172-20251115002746-7.91um-53keV-volume-20241024131838-20251222202946-timesformer_scroll5_november19-tile64-stride16-ds8.jpg
51,moteado,PHerc0172,other,0.8391,20251115002742-auto_grown_20251115002740308_2_flatboi,PHerc0172/segments/20251115002742-auto_grown_20251115002740308_2_flatboi/ink-detection/downsampled/PHerc0172-20251115002742-7.91um-53keV-volume-20241024131838-20251222202946-timesformer_scroll5_november19-tile64-stride16-ds8.jpg
52,moteado,PHerc0172,other,0.8389,20251115002748-auto_grown_20251115002740308_8_flatboi,PHerc0172/segments/20251115002748-auto_grown_20251115002740308_8_flatboi/ink-detection/downsampled/PHerc0172-20251115002748-7.91um-53keV-volume-20241024131838-20251222202946-timesformer_scroll5_november19-tile64-stride16-ds8.jpg
53,estructura,PHerc0172,other,0.8375,20250926132117-w083_20250926132117595_flatboi,PHerc0172/segments/20250926132117-w083_20250926132117595_flatboi/ink-detection/downsampled/PHerc0172-20250926132117-7.91um-53keV-volume-20241024131838-20251222202946-timesformer_scroll5_november19-tile64-stride16-ds8.jpg
54,estructura,PHercParis4,1um_s1z2,0.8373,20260623152443-w077-080,PHercParis4/segments/20260623152443-w077-080/ink-detection/downsampled/PHercParis4-20260623152443-1.129um-0.23m-78keV-volume-20260608103018-L1-20260709123958-mrg20736-1um-s1z2-tile256-stride128-ds8.jpg
55,moteado,PHerc0172,other,0.8344,20251207123912-w060_20251207123912611_flatboi,PHerc0172/segments/20251207123912-w060_20251207123912611_flatboi/ink-detection/downsampled/PHerc0172-20251207123912-7.91um-53keV-volume-20241024131838-20251222202946-timesformer_scroll5_november19-tile64-stride16-ds8.jpg
56,moteado,PHerc0172,other,0.8321,20250926122938-w082_20250926122938619_flatboi,PHerc0172/segments/20250926122938-w082_20250926122938619_flatboi/ink-detection/downsampled/PHerc0172-20250926122938-7.91um-53keV-volume-20241024131838-20251222202946-timesformer_scroll5_november19-tile64-stride16-ds8.jpg
57,moteado,PHerc0172,other,0.83,20251109232817-w065_20251109232817724_flatboi,PHerc0172/segments/20251109232817-w065_20251109232817724_flatboi/ink-detection/downsampled/PHerc0172-20251109232817-7.91um-53keV-volume-20241024131838-20251222202946-timesformer_scroll5_november19-tile64-stride16-ds8.jpg
58,moteado,PHerc0172,other,0.8288,20251115002741-auto_grown_20251115002740308_1_flatboi,PHerc0172/segments/20251115002741-auto_grown_20251115002740308_1_flatboi/ink-detection/downsampled/PHerc0172-20251115002741-7.91um-53keV-volume-20241024131838-20251222202946-timesformer_scroll5_november19-tile64-stride16-ds8.jpg
59,moteado,PHerc0172,other,0.8206,20251212105627-w052_20251212105627148_flatboi,PHerc0172/segments/20251212105627-w052_20251212105627148_flatboi/ink-detection/downsampled/PHerc0172-20251212105627-7.91um-53keV-volume-20241024131838-20251222202946-timesformer_scroll5_november19-tile64-stride16-ds8.jpg
60,moteado,PHerc0172,other,0.8175,20251211152543-w053_20251211152543204_flatboi,PHerc0172/segments/20251211152543-w053_20251211152543204_flatboi/ink-detection/downsampled/PHerc0172-20251211152543-7.91um-53keV-volume-20241024131838-20250713185324-timesformer_scroll5_july_retreat-tile64-stride16-ds8.jpg
61,moteado,PHerc0172,other,0.8144,20251107063327-w063_20251107063327215_flatboi,PHerc0172/segments/20251107063327-w063_20251107063327215_flatboi/ink-detection/downsampled/PHerc0172-20251107063327-7.91um-53keV-volume-20241024131838-20251222202946-timesformer_scroll5_november19-tile64-stride16-ds8.jpg
62,moteado,PHerc0172,other,0.8141,20251107175958-w061_20251107175958270_flatboi,PHerc0172/segments/20251107175958-w061_20251107175958270_flatboi/ink-detection/downsampled/PHerc0172-20251107175958-7.91um-53keV-volume-20241024131838-20251222202946-timesformer_scroll5_november19-tile64-stride16-ds8.jpg
63,moteado,PHerc0172,other,0.8124,20251106133152-w077_20251106133152767_flatboi,PHerc0172/segments/20251106133152-w077_20251106133152767_flatboi/ink-detection/downsampled/PHerc0172-20251106133152-7.91um-53keV-volume-20241024131838-20251222202946-timesformer_scroll5_november19-tile64-stride16-ds8.jpg
64,moteado,PHerc0172,other,0.812,20251211095724-w056_20251211095724922_flatboi,PHerc0172/segments/20251211095724-w056_20251211095724922_flatboi/ink-detection/downsampled/PHerc0172-20251211095724-7.91um-53keV-volume-20241024131838-20251222202946-timesformer_scroll5_november19-tile64-stride16-ds8.jpg
65,moteado,PHerc0172,other,0.8102,20251112163527-w071_20251112163527854_flatboi,PHerc0172/segments/20251112163527-w071_20251112163527854_flatboi/ink-detection/downsampled/PHerc0172-20251112163527-7.91um-53keV-volume-20241024131838-20251222202946-timesformer_scroll5_november19-tile64-stride16-ds8.jpg
66,moteado,PHerc0172,other,0.8099,20251211135303-w054_20251211135303394_flatboi,PHerc0172/segments/20251211135303-w054_20251211135303394_flatboi/ink-detection/downsampled/PHerc0172-20251211135303-7.91um-53keV-volume-20241024131838-20251222202946-timesformer_scroll5_november19-tile64-stride16-ds8.jpg
67,moteado,PHerc0172,other,0.8071,20251115002747-auto_grown_20251115002740308_7_flatboi,PHerc0172/segments/20251115002747-auto_grown_20251115002740308_7_flatboi/ink-detection/downsampled/PHerc0172-20251115002747-7.91um-53keV-volume-20241024131838-20251222202946-timesformer_scroll5_november19-tile64-stride16-ds8.jpg
68,moteado,PHerc0172,other,0.8006,20251211111451-w055_20251211111451620_flatboi,PHerc0172/segments/20251211111451-w055_20251211111451620_flatboi/ink-detection/downsampled/PHerc0172-20251211111451-7.91um-53keV-volume-20241024131838-20251222202946-timesformer_scroll5_november19-tile64-stride16-ds8.jpg
69,moteado,PHerc0172,other,0.7767,20251211152543-w053_20251211152543204_flatboi,PHerc0172/segments/20251211152543-w053_20251211152543204_flatboi/ink-detection/downsampled/PHerc0172-20251211152543-7.91um-53keV-volume-20241024131838-20251222202946-timesformer_scroll5_november19-tile64-stride16-ds8.jpg
