key,scroll,segment,recipe,windows,max_score,mean_score,best_y0,best_x0,window_px,ci_hi
PHerc0172/segments/20251210153304-w058_20251210153304503_flatboi/ink-detection/downsampled/PHerc0172-20251210153304-7.91um-53keV-volume-20241024131838-20250713185324-timesformer_scroll5_july_retreat-tile64-stride16-ds8.jpg,PHerc0172,20251210153304-w058_20251210153304503_flatboi,other,20,0.8777,0.7648,1240,3720,2488,0.1611
PHerc0172/segments/20250926132117-w083_20250926132117595_flatboi/ink-detection/downsampled/PHerc0172-20250926132117-7.91um-53keV-volume-20241024131838-20250713185324-timesformer_scroll5_july_retreat-tile64-stride16-ds8.jpg,PHerc0172,20250926132117-w083_20250926132117595_flatboi,other,22,0.9002,0.7627,7440,1240,2488,0.1487
PHercParis4/segments/20260623154006-w085-088/ink-detection/downsampled/PHercParis4-20260623154006-2.4um-0.22m-78keV-volume-20260411134726-20260417190342-new_canon_autoresearch_recipe-tile256-stride128-ds8.jpg,PHercParis4,20260623154006-w085-088,canon,128,0.9247,0.7468,40960,77824,8192,0.0291
PHerc0172/segments/20250926114310-w080_20250926114310705_flatboi/ink-detection/downsampled/PHerc0172-20250926114310-7.91um-53keV-volume-20241024131838-20251222202946-timesformer_scroll5_november19-tile64-stride16-ds8.jpg,PHerc0172,20250926114310-w080_20250926114310705_flatboi,other,20,0.9012,0.7386,9920,8680,2488,0.1611
PHerc0172/segments/20251111010954-w068_20251111010954408_flatboi/ink-detection/downsampled/PHerc0172-20251111010954-7.91um-53keV-volume-20241024131838-20250713185324-timesformer_scroll5_july_retreat-tile64-stride16-ds8.jpg,PHerc0172,20251111010954-w068_20251111010954408_flatboi,other,30,0.9103,0.7357,3720,9920,2488,0.1135
PHerc0172/segments/20250926122938-w082_20250926122938619_flatboi/ink-detection/downsampled/PHerc0172-20250926122938-7.91um-53keV-volume-20241024131838-20250713185324-timesformer_scroll5_july_retreat-tile64-stride16-ds8.jpg,PHerc0172,20250926122938-w082_20250926122938619_flatboi,other,22,0.8778,0.7347,7440,0,2488,0.1487
PHercParis4/segments/20260623151729-w073-076/ink-detection/downsampled/PHercParis4-20260623151729-1.129um-0.23m-78keV-volume-20260608103018-L1-20260709123958-mrg20736-1um-s1z2-tile256-stride128-ds8.jpg,PHercParis4,20260623151729-w073-076,1um_s1z2,27,0.867,0.7281,17408,60928,8704,0.1246
PHerc0172/segments/20251210160810-w057_20251210160810301_flatboi/ink-detection/downsampled/PHerc0172-20251210160810-7.91um-53keV-volume-20241024131838-20251222202946-timesformer_scroll5_november19-tile64-stride16-ds8.jpg,PHerc0172,20251210160810-w057_20251210160810301_flatboi,other,20,0.8456,0.7269,0,8680,2488,0.1611
PHerc0172/segments/20251109232817-w065_20251109232817724_flatboi/ink-detection/downsampled/PHerc0172-20251109232817-7.91um-53keV-volume-20241024131838-20250713185324-timesformer_scroll5_july_retreat-tile64-stride16-ds8.jpg,PHerc0172,20251109232817-w065_20251109232817724_flatboi,other,34,0.9143,0.726,9920,9920,2488,0.1015
PHerc0172/segments/20250917143559-w062_20250917143559205_flatboi/ink-detection/downsampled/PHerc0172-20250917143559-7.91um-53keV-volume-20241024131838-20250713185324-timesformer_scroll5_july_retreat-tile64-stride16-ds8.jpg,PHerc0172,20250917143559-w062_20250917143559205_flatboi,other,28,0.8754,0.7247,9920,2480,2488,0.1206
PHerc0172/segments/20251110110112-w066_20251110110112608_flatboi/ink-detection/downsampled/PHerc0172-20251110110112-7.91um-53keV-volume-20241024131838-20251222202946-timesformer_scroll5_november19-tile64-stride16-ds8.jpg,PHerc0172,20251110110112-w066_20251110110112608_flatboi,other,33,0.8865,0.7236,0,7440,2488,0.1043
PHercParis4/segments/20230929220926/ink-detection/downsampled/PHercParis4-20230929220926-2.4um-0.22m-78keV-volume-20260411134726-20260417190342-new_canon_autoresearch_recipe-tile256-stride128-ds8.jpg,PHercParis4,20230929220926,canon,23,0.9559,0.7204,8192,61440,8192,0.1431
PHerc0172/segments/20251107175958-w061_20251107175958270_flatboi/ink-detection/downsampled/PHerc0172-20251107175958-7.91um-53keV-volume-20241024131838-20250713185324-timesformer_scroll5_july_retreat-tile64-stride16-ds8.jpg,PHerc0172,20251107175958-w061_20251107175958270_flatboi,other,25,0.8885,0.7152,6200,4960,2488,0.1332
PHerc0172/segments/20251210160810-w057_20251210160810301_flatboi/ink-detection/downsampled/PHerc0172-20251210160810-7.91um-53keV-volume-20241024131838-20250713185324-timesformer_scroll5_july_retreat-tile64-stride16-ds8.jpg,PHerc0172,20251210160810-w057_20251210160810301_flatboi,other,20,0.904,0.7134,2480,7440,2488,0.1611
PHerc0172/segments/20251211095724-w056_20251211095724922_flatboi/ink-detection/downsampled/PHerc0172-20251211095724-7.91um-53keV-volume-20241024131838-20250713185324-timesformer_scroll5_july_retreat-tile64-stride16-ds8.jpg,PHerc0172,20251211095724-w056_20251211095724922_flatboi,other,20,0.8555,0.7065,4960,1240,2488,0.1611
PHercParis4/segments/20260623153216-w081-084/ink-detection/downsampled/PHercParis4-20260623153216-1.129um-0.23m-78keV-volume-20260608103018-L1-20260709123958-mrg20736-1um-s1z2-tile256-stride128-ds8.jpg,PHercParis4,20260623153216-w081-084,1um_s1z2,40,0.8708,0.7064,39168,178432,8704,0.0876
PHerc0172/segments/20251113152136-w074_20251113152136889_flatboi/ink-detection/downsampled/PHerc0172-20251113152136-7.91um-53keV-volume-20241024131838-20250713185324-timesformer_scroll5_july_retreat-tile64-stride16-ds8.jpg,PHerc0172,20251113152136-w074_20251113152136889_flatboi,other,30,0.8948,0.7058,7440,6200,2488,0.1135
PHerc0172/segments/20251110135803-w067_20251110135803677_flatboi/ink-detection/downsampled/PHerc0172-20251110135803-7.91um-53keV-volume-20241024131838-20251222202946-timesformer_scroll5_november19-tile64-stride16-ds8.jpg,PHerc0172,20251110135803-w067_20251110135803677_flatboi,other,30,0.8543,0.7052,7440,11160,2488,0.1135
PHerc0172/segments/20251113021010-w072_20251113021010674_flatboi/ink-detection/downsampled/PHerc0172-20251113021010-7.91um-53keV-volume-20241024131838-20250713185324-timesformer_scroll5_july_retreat-tile64-stride16-ds8.jpg,PHerc0172,20251113021010-w072_20251113021010674_flatboi,other,30,0.919,0.7048,7440,3720,2488,0.1135
PHercParis4/segments/20260623151041-w069-072/ink-detection/downsampled/PHercParis4-20260623151041-1.129um-0.23m-78keV-volume-20260608103018-L1-20260709123958-mrg20736-1um-s1z2-tile256-stride128-ds8.jpg,PHercParis4,20260623151041-w069-072,1um_s1z2,31,0.8473,0.7045,17408,60928,8704,0.1103
PHerc0172/segments/20251113130119-w073_20251113130119516_flatboi/ink-detection/downsampled/PHerc0172-20251113130119-7.91um-53keV-volume-20241024131838-20251222202946-timesformer_scroll5_november19-tile64-stride16-ds8.jpg,PHerc0172,20251113130119-w073_20251113130119516_flatboi,other,30,0.8705,0.699,6200,4960,2488,0.1135
PHerc0172/segments/20250926112011-w078_20250926112011918_flatboi/ink-detection/downsampled/PHerc0172-20250926112011-7.91um-53keV-volume-20241024131838-20251222202946-timesformer_scroll5_november19-tile64-stride16-ds8.jpg,PHerc0172,20250926112011-w078_20250926112011918_flatboi,other,23,0.9066,0.6986,7440,7440,2488,0.1431
PHerc0172/segments/20251106170358-w076_20251106170358232_flatboi/ink-detection/downsampled/PHerc0172-20251106170358-7.91um-53keV-volume-20241024131838-20251222202946-timesformer_scroll5_november19-tile64-stride16-ds8.jpg,PHerc0172,20251106170358-w076_20251106170358232_flatboi,other,20,0.8851,0.6983,1240,8680,2488,0.1611
PHercParis4/segments/20260623152443-w077-080/ink-detection/downsampled/PHercParis4-20260623152443-1.129um-0.23m-78keV-volume-20260608103018-L1-20260709123958-mrg20736-1um-s1z2-tile256-stride128-ds8.jpg,PHercParis4,20260623152443-w077-080,1um_s1z2,38,0.8373,0.6979,39168,156672,8704,0.0918
PHercParis4/segments/20260623154617-w089-091/ink-detection/downsampled/PHercParis4-20260623154617-1.129um-0.23m-78keV-volume-20260608103018-L1-20260709123958-mrg20736-1um-s1z2-tile256-stride128-ds8.jpg,PHercParis4,20260623154617-w089-091,1um_s1z2,31,0.8682,0.6974,43520,91392,8704,0.1103
PHerc0172/segments/20251113204233-w075_20251113204233755_flatboi/ink-detection/downsampled/PHerc0172-20251113204233-7.91um-53keV-volume-20241024131838-20251222202946-timesformer_scroll5_november19-tile64-stride16-ds8.jpg,PHerc0172,20251113204233-w075_20251113204233755_flatboi,other,30,0.8478,0.6955,7440,1240,2488,0.1135
PHerc0172/segments/20250926132117-w083_20250926132117595_flatboi/ink-detection/downsampled/PHerc0172-20250926132117-7.91um-53keV-volume-20241024131838-20251222202946-timesformer_scroll5_november19-tile64-stride16-ds8.jpg,PHerc0172,20250926132117-w083_20250926132117595_flatboi,other,22,0.8375,0.6921,8680,3720,2488,0.1487
PHercParis4/segments/20260623155914-w095-097/ink-detection/downsampled/PHercParis4-20260623155914-2.4um-0.22m-78keV-volume-20260411134726-20260417190342-new_canon_autoresearch_recipe-tile256-stride128-ds8.jpg,PHercParis4,20260623155914-w095-097,canon,105,0.9411,0.69,0,151552,8192,0.0353
PHerc0172/segments/20250917143559-w062_20250917143559205_flatboi/ink-detection/downsampled/PHerc0172-20250917143559-7.91um-53keV-volume-20241024131838-20251222202946-timesformer_scroll5_november19-tile64-stride16-ds8.jpg,PHerc0172,20250917143559-w062_20250917143559205_flatboi,other,28,0.845,0.6853,0,3720,2488,0.1206
PHerc0172/segments/20251211135303-w054_20251211135303394_flatboi/ink-detection/downsampled/PHerc0172-20251211135303-7.91um-53keV-volume-20241024131838-20251222202946-timesformer_scroll5_november19-tile64-stride16-ds8.jpg,PHerc0172,20251211135303-w054_20251211135303394_flatboi,other,20,0.8099,0.6836,2480,8680,2488,0.1611
PHerc0172/segments/20251211152543-w053_20251211152543204_flatboi/ink-detection/downsampled/PHerc0172-20251211152543-7.91um-53keV-volume-20241024131838-20250713185324-timesformer_scroll5_july_retreat-tile64-stride16-ds8.jpg,PHerc0172,20251211152543-w053_20251211152543204_flatboi,other,20,0.8175,0.6835,6200,0,2488,0.1611
PHerc0172/segments/20251111010954-w068_20251111010954408_flatboi/ink-detection/downsampled/PHerc0172-20251111010954-7.91um-53keV-volume-20241024131838-20251222202946-timesformer_scroll5_november19-tile64-stride16-ds8.jpg,PHerc0172,20251111010954-w068_20251111010954408_flatboi,other,30,0.8453,0.6824,3720,9920,2488,0.1135
PHerc0172/segments/20251106133152-w077_20251106133152767_flatboi/ink-detection/downsampled/PHerc0172-20251106133152-7.91um-53keV-volume-20241024131838-20250713185324-timesformer_scroll5_july_retreat-tile64-stride16-ds8.jpg,PHerc0172,20251106133152-w077_20251106133152767_flatboi,other,23,0.8805,0.6816,0,2480,2488,0.1431
PHerc0172/segments/20251107063327-w063_20251107063327215_flatboi/ink-detection/downsampled/PHerc0172-20251107063327-7.91um-53keV-volume-20241024131838-20250713185324-timesformer_scroll5_july_retreat-tile64-stride16-ds8.jpg,PHerc0172,20251107063327-w063_20251107063327215_flatboi,other,30,0.8776,0.6816,6200,2480,2488,0.1135
PHerc0172/segments/20251112163527-w071_20251112163527854_flatboi/ink-detection/downsampled/PHerc0172-20251112163527-7.91um-53keV-volume-20241024131838-20250713185324-timesformer_scroll5_july_retreat-tile64-stride16-ds8.jpg,PHerc0172,20251112163527-w071_20251112163527854_flatboi,other,30,0.896,0.6804,6200,0,2488,0.1135
PHerc0172/segments/20251107110950-w064_20251107110950052_flatboi/ink-detection/downsampled/PHerc0172-20251107110950-7.91um-53keV-volume-20241024131838-20251222202946-timesformer_scroll5_november19-tile64-stride16-ds8.jpg,PHerc0172,20251107110950-w064_20251107110950052_flatboi,other,30,0.9051,0.6803,4960,2480,2488,0.1135
PHerc0172/segments/20251115002747-auto_grown_20251115002740308_7_flatboi/ink-detection/downsampled/PHerc0172-20251115002747-7.91um-53keV-volume-20241024131838-20250713185324-timesformer_scroll5_july_retreat-tile64-stride16-ds8.jpg,PHerc0172,20251115002747-auto_grown_20251115002740308_7_flatboi,other,112,0.8705,0.6802,7440,37200,2488,0.0332
PHerc0172/segments/20251109232817-w065_20251109232817724_flatboi/ink-detection/downsampled/PHerc0172-20251109232817-7.91um-53keV-volume-20241024131838-20251222202946-timesformer_scroll5_november19-tile64-stride16-ds8.jpg,PHerc0172,20251109232817-w065_20251109232817724_flatboi,other,34,0.83,0.6798,7440,9920,2488,0.1015
PHerc0172/segments/20251106133152-w077_20251106133152767_flatboi/ink-detection/downsampled/PHerc0172-20251106133152-7.91um-53keV-volume-20241024131838-20251222202946-timesformer_scroll5_november19-tile64-stride16-ds8.jpg,PHerc0172,20251106133152-w077_20251106133152767_flatboi,other,23,0.8124,0.6791,2480,7440,2488,0.1431
PHercParis4/segments/20260623155240-w092-094/ink-detection/downsampled/PHercParis4-20260623155240-1.129um-0.23m-78keV-volume-20260608103018-L1-20260709123958-mrg20736-1um-s1z2-tile256-stride128-ds8.jpg,PHercParis4,20260623155240-w092-094,1um_s1z2,32,0.8729,0.6772,21760,130560,8704,0.1072
PHerc0172/segments/20251211095724-w056_20251211095724922_flatboi/ink-detection/downsampled/PHerc0172-20251211095724-7.91um-53keV-volume-20241024131838-20251222202946-timesformer_scroll5_november19-tile64-stride16-ds8.jpg,PHerc0172,20251211095724-w056_20251211095724922_flatboi,other,20,0.812,0.6756,0,4960,2488,0.1611
PHerc0172/segments/20251210142414-w059_20251210142414060_flatboi/ink-detection/downsampled/PHerc0172-20251210142414-7.91um-53keV-volume-20241024131838-20251222202946-timesformer_scroll5_november19-tile64-stride16-ds8.jpg,PHerc0172,20251210142414-w059_20251210142414060_flatboi,other,20,0.8671,0.6754,4960,3720,2488,0.1611
PHerc0172/segments/20251211111451-w055_20251211111451620_flatboi/ink-detection/downsampled/PHerc0172-20251211111451-7.91um-53keV-volume-20241024131838-20250713185324-timesformer_scroll5_july_retreat-tile64-stride16-ds8.jpg,PHerc0172,20251211111451-w055_20251211111451620_flatboi,other,20,0.8502,0.6752,2480,3720,2488,0.1611
PHerc0172/segments/20251210153304-w058_20251210153304503_flatboi/ink-detection/downsampled/PHerc0172-20251210153304-7.91um-53keV-volume-20241024131838-20251222202946-timesformer_scroll5_november19-tile64-stride16-ds8.jpg,PHerc0172,20251210153304-w058_20251210153304503_flatboi,other,20,0.8502,0.675,3720,4960,2488,0.1611
PHerc0172/segments/20250926113336-w079_20250926113336891_flatboi/ink-detection/downsampled/PHerc0172-20250926113336-7.91um-53keV-volume-20241024131838-20251222202946-timesformer_scroll5_november19-tile64-stride16-ds8.jpg,PHerc0172,20250926113336-w079_20250926113336891_flatboi,other,24,0.8966,0.6735,8680,6200,2488,0.138
PHercParis4/segments/20260623150417-w064-068/ink-detection/downsampled/PHercParis4-20260623150417-1.129um-0.23m-78keV-volume-20260608103018-L1-20260709123958-mrg20736-1um-s1z2-tile256-stride128-ds8.jpg,PHercParis4,20260623150417-w064-068,1um_s1z2,42,0.8756,0.6695,43520,17408,8704,0.0838
PHerc0172/segments/20251115002748-auto_grown_20251115002740308_8_flatboi/ink-detection/downsampled/PHerc0172-20251115002748-7.91um-53keV-volume-20241024131838-20250713185324-timesformer_scroll5_july_retreat-tile64-stride16-ds8.jpg,PHerc0172,20251115002748-auto_grown_20251115002740308_8_flatboi,other,72,0.8614,0.6694,7440,4960,2488,0.0507
PHerc0172/segments/20251113021010-w072_20251113021010674_flatboi/ink-detection/downsampled/PHerc0172-20251113021010-7.91um-53keV-volume-20241024131838-20251222202946-timesformer_scroll5_november19-tile64-stride16-ds8.jpg,PHerc0172,20251113021010-w072_20251113021010674_flatboi,other,30,0.8767,0.6681,8680,3720,2488,0.1135
PHerc0172/segments/20250926122938-w082_20250926122938619_flatboi/ink-detection/downsampled/PHerc0172-20250926122938-7.91um-53keV-volume-20241024131838-20251222202946-timesformer_scroll5_november19-tile64-stride16-ds8.jpg,PHerc0172,20250926122938-w082_20250926122938619_flatboi,other,22,0.8321,0.6679,6200,7440,2488,0.1487
PHerc0172/segments/20251115002745-auto_grown_20251115002740308_5_flatboi/ink-detection/downsampled/PHerc0172-20251115002745-7.91um-53keV-volume-20241024131838-20250713185324-timesformer_scroll5_july_retreat-tile64-stride16-ds8.jpg,PHerc0172,20251115002745-auto_grown_20251115002740308_5_flatboi,other,115,0.8562,0.6644,7440,8680,2488,0.0323
PHerc0172/segments/20250926113336-w079_20250926113336891_flatboi/ink-detection/downsampled/PHerc0172-20250926113336-7.91um-53keV-volume-20241024131838-20250713185324-timesformer_scroll5_july_retreat-tile64-stride16-ds8.jpg,PHerc0172,20250926113336-w079_20250926113336891_flatboi,other,24,0.9005,0.664,7440,9920,2488,0.138
PHerc0172/segments/20251113152136-w074_20251113152136889_flatboi/ink-detection/downsampled/PHerc0172-20251113152136-7.91um-53keV-volume-20241024131838-20251222202946-timesformer_scroll5_november19-tile64-stride16-ds8.jpg,PHerc0172,20251113152136-w074_20251113152136889_flatboi,other,30,0.8768,0.6629,3720,8680,2488,0.1135
PHerc0172/segments/20251207123912-w060_20251207123912611_flatboi/ink-detection/downsampled/PHerc0172-20251207123912-7.91um-53keV-volume-20241024131838-20250713185324-timesformer_scroll5_july_retreat-tile64-stride16-ds8.jpg,PHerc0172,20251207123912-w060_20251207123912611_flatboi,other,20,0.8791,0.6627,6200,7440,2488,0.1611
PHerc0172/segments/20251115002742-auto_grown_20251115002740308_2_flatboi/ink-detection/downsampled/PHerc0172-20251115002742-7.91um-53keV-volume-20241024131838-20250713185324-timesformer_scroll5_july_retreat-tile64-stride16-ds8.jpg,PHerc0172,20251115002742-auto_grown_20251115002740308_2_flatboi,other,107,0.8983,0.6587,7440,33480,2488,0.0347
PHerc0172/segments/20251210142414-w059_20251210142414060_flatboi/ink-detection/downsampled/PHerc0172-20251210142414-7.91um-53keV-volume-20241024131838-20250713185324-timesformer_scroll5_july_retreat-tile64-stride16-ds8.jpg,PHerc0172,20251210142414-w059_20251210142414060_flatboi,other,20,0.8861,0.6575,6200,0,2488,0.1611
PHerc0172/segments/20251107063327-w063_20251107063327215_flatboi/ink-detection/downsampled/PHerc0172-20251107063327-7.91um-53keV-volume-20241024131838-20251222202946-timesformer_scroll5_november19-tile64-stride16-ds8.jpg,PHerc0172,20251107063327-w063_20251107063327215_flatboi,other,30,0.8144,0.6572,9920,0,2488,0.1135
PHerc0172/segments/20251111210734-w070_20251111210734722_flatboi/ink-detection/downsampled/PHerc0172-20251111210734-7.91um-53keV-volume-20241024131838-20250713185324-timesformer_scroll5_july_retreat-tile64-stride16-ds8.jpg,PHerc0172,20251111210734-w070_20251111210734722_flatboi,other,30,0.896,0.6561,8680,3720,2488,0.1135
PHerc0172/segments/20251111210734-w070_20251111210734722_flatboi/ink-detection/downsampled/PHerc0172-20251111210734-7.91um-53keV-volume-20241024131838-20251222202946-timesformer_scroll5_november19-tile64-stride16-ds8.jpg,PHerc0172,20251111210734-w070_20251111210734722_flatboi,other,30,0.8596,0.6494,3720,12400,2488,0.1135
PHerc0172/segments/20251111151836-w069_20251111151836406_flatboi/ink-detection/downsampled/PHerc0172-20251111151836-7.91um-53keV-volume-20241024131838-20250713185324-timesformer_scroll5_july_retreat-tile64-stride16-ds8.jpg,PHerc0172,20251111151836-w069_20251111151836406_flatboi,other,37,0.8824,0.6468,9920,9920,2488,0.0941
PHerc0172/segments/20251115002746-auto_grown_20251115002740308_6_flatboi/ink-detection/downsampled/PHerc0172-20251115002746-7.91um-53keV-volume-20241024131838-20250713185324-timesformer_scroll5_july_retreat-tile64-stride16-ds8.jpg,PHerc0172,20251115002746-auto_grown_20251115002740308_6_flatboi,other,73,0.8921,0.6454,0,17360,2488,0.05
PHercParis4/segments/20260623154006-w085-088/ink-detection/downsampled/PHercParis4-20260623154006-1.129um-0.23m-78keV-volume-20260608103018-L1-20260709123958-mrg20736-1um-s1z2-tile256-stride128-ds8.jpg,PHercParis4,20260623154006-w085-088,1um_s1z2,40,0.8936,0.6413,43520,191488,8704,0.0876
PHerc0172/segments/20251207123912-w060_20251207123912611_flatboi/ink-detection/downsampled/PHerc0172-20251207123912-7.91um-53keV-volume-20241024131838-20251222202946-timesformer_scroll5_november19-tile64-stride16-ds8.jpg,PHerc0172,20251207123912-w060_20251207123912611_flatboi,other,20,0.8344,0.6401,2480,2480,2488,0.1611
PHerc0172/segments/20251115002742-auto_grown_20251115002740308_2_flatboi/ink-detection/downsampled/PHerc0172-20251115002742-7.91um-53keV-volume-20241024131838-20251222202946-timesformer_scroll5_november19-tile64-stride16-ds8.jpg,PHerc0172,20251115002742-auto_grown_20251115002740308_2_flatboi,other,107,0.8391,0.631,2480,49600,2488,0.0347
PHerc0172/segments/20251107175958-w061_20251107175958270_flatboi/ink-detection/downsampled/PHerc0172-20251107175958-7.91um-53keV-volume-20241024131838-20251222202946-timesformer_scroll5_november19-tile64-stride16-ds8.jpg,PHerc0172,20251107175958-w061_20251107175958270_flatboi,other,25,0.8141,0.6255,7440,3720,2488,0.1332
PHercParis4/segments/20260623165742-w120-121/ink-detection/downsampled/PHercParis4-20260623165742-2.4um-0.22m-78keV-volume-20260411134726-20260417190342-new_canon_autoresearch_recipe-tile256-stride128-ds8.jpg,PHercParis4,20260623165742-w120-121,canon,52,0.926,0.6218,12288,53248,8192,0.0688
PHerc0172/segments/20251212105627-w052_20251212105627148_flatboi/ink-detection/downsampled/PHerc0172-20251212105627-7.91um-53keV-volume-20241024131838-20250713185324-timesformer_scroll5_july_retreat-tile64-stride16-ds8.jpg,PHerc0172,20251212105627-w052_20251212105627148_flatboi,other,20,0.8973,0.6212,4960,3720,2488,0.1611
PHerc0172/segments/20251112163527-w071_20251112163527854_flatboi/ink-detection/downsampled/PHerc0172-20251112163527-7.91um-53keV-volume-20241024131838-20251222202946-timesformer_scroll5_november19-tile64-stride16-ds8.jpg,PHerc0172,20251112163527-w071_20251112163527854_flatboi,other,30,0.8102,0.6211,9920,3720,2488,0.1135
PHerc0172/segments/20251211152543-w053_20251211152543204_flatboi/ink-detection/downsampled/PHerc0172-20251211152543-7.91um-53keV-volume-20241024131838-20251222202946-timesformer_scroll5_november19-tile64-stride16-ds8.jpg,PHerc0172,20251211152543-w053_20251211152543204_flatboi,other,20,0.7767,0.6162,0,4960,2488,0.1611
PHerc0172/segments/20251211111451-w055_20251211111451620_flatboi/ink-detection/downsampled/PHerc0172-20251211111451-7.91um-53keV-volume-20241024131838-20251222202946-timesformer_scroll5_november19-tile64-stride16-ds8.jpg,PHerc0172,20251211111451-w055_20251211111451620_flatboi,other,20,0.8006,0.6157,7440,2480,2488,0.1611
PHerc0172/segments/20251115002745-auto_grown_20251115002740308_5_flatboi/ink-detection/downsampled/PHerc0172-20251115002745-7.91um-53keV-volume-20241024131838-20251222202946-timesformer_scroll5_november19-tile64-stride16-ds8.jpg,PHerc0172,20251115002745-auto_grown_20251115002740308_5_flatboi,other,115,0.8846,0.6129,3720,22320,2488,0.0323
PHerc0172/segments/20251115002743-auto_grown_20251115002740308_3_flatboi/ink-detection/downsampled/PHerc0172-20251115002743-7.91um-53keV-volume-20241024131838-20250713185324-timesformer_scroll5_july_retreat-tile64-stride16-ds8.jpg,PHerc0172,20251115002743-auto_grown_20251115002740308_3_flatboi,other,104,0.8809,0.6124,7440,22320,2488,0.0356
PHerc0172/segments/20251111151836-w069_20251111151836406_flatboi/ink-detection/downsampled/PHerc0172-20251111151836-7.91um-53keV-volume-20241024131838-20251222202946-timesformer_scroll5_november19-tile64-stride16-ds8.jpg,PHerc0172,20251111151836-w069_20251111151836406_flatboi,other,37,0.8536,0.6105,11160,11160,2488,0.0941
PHerc0172/segments/20251115002746-auto_grown_20251115002740308_6_flatboi/ink-detection/downsampled/PHerc0172-20251115002746-7.91um-53keV-volume-20241024131838-20251222202946-timesformer_scroll5_november19-tile64-stride16-ds8.jpg,PHerc0172,20251115002746-auto_grown_20251115002740308_6_flatboi,other,73,0.8444,0.6062,4960,48360,2488,0.05
PHerc0172/segments/20251115002748-auto_grown_20251115002740308_8_flatboi/ink-detection/downsampled/PHerc0172-20251115002748-7.91um-53keV-volume-20241024131838-20251222202946-timesformer_scroll5_november19-tile64-stride16-ds8.jpg,PHerc0172,20251115002748-auto_grown_20251115002740308_8_flatboi,other,72,0.8389,0.6035,6200,4960,2488,0.0507
PHercParis4/segments/20260623164704-w116-117/ink-detection/downsampled/PHercParis4-20260623164704-2.4um-0.22m-78keV-volume-20260411134726-20260417190342-new_canon_autoresearch_recipe-tile256-stride128-ds8.jpg,PHercParis4,20260623164704-w116-117,canon,65,0.9198,0.5821,40960,36864,8192,0.0558
PHerc0172/segments/20251115002747-auto_grown_20251115002740308_7_flatboi/ink-detection/downsampled/PHerc0172-20251115002747-7.91um-53keV-volume-20241024131838-20251222202946-timesformer_scroll5_november19-tile64-stride16-ds8.jpg,PHerc0172,20251115002747-auto_grown_20251115002740308_7_flatboi,other,112,0.8071,0.5779,1240,16120,2488,0.0332
PHerc0172/segments/20251212105627-w052_20251212105627148_flatboi/ink-detection/downsampled/PHerc0172-20251212105627-7.91um-53keV-volume-20241024131838-20251222202946-timesformer_scroll5_november19-tile64-stride16-ds8.jpg,PHerc0172,20251212105627-w052_20251212105627148_flatboi,other,20,0.8206,0.5699,4960,4960,2488,0.1611
PHerc0172/segments/20251115002741-auto_grown_20251115002740308_1_flatboi/ink-detection/downsampled/PHerc0172-20251115002741-7.91um-53keV-volume-20241024131838-20251222202946-timesformer_scroll5_november19-tile64-stride16-ds8.jpg,PHerc0172,20251115002741-auto_grown_20251115002740308_1_flatboi,other,103,0.8288,0.5691,6200,49600,2488,0.036
PHerc0172/segments/20251115002740-auto_grown_20251115002740308_0_flatboi/ink-detection/downsampled/PHerc0172-20251115002740-7.91um-53keV-volume-20241024131838-20251222202946-timesformer_scroll5_november19-tile64-stride16-ds8.jpg,PHerc0172,20251115002740-auto_grown_20251115002740308_0_flatboi,other,80,0.9059,0.5592,2480,28520,2488,0.0458
PHercParis4/segments/20260701183145-w116-117/ink-detection/downsampled/PHercParis4-20260701183145-2.4um-0.22m-78keV-volume-20260411134726-20260417190342-new_canon_autoresearch_recipe-tile256-stride128-ds8.jpg,PHercParis4,20260701183145-w116-117,canon,106,0.9079,0.5521,40960,36864,8192,0.035
PHercParis4/segments/20260623170305-w122-123/ink-detection/downsampled/PHercParis4-20260623170305-2.4um-0.22m-78keV-volume-20260411134726-20260417190342-new_canon_autoresearch_recipe-tile256-stride128-ds8.jpg,PHercParis4,20260623170305-w122-123,canon,53,0.9398,0.5506,20480,98304,8192,0.0676
PHerc0172/segments/20251115002744-auto_grown_20251115002740308_4_flatboi/ink-detection/downsampled/PHerc0172-20251115002744-7.91um-53keV-volume-20241024131838-20251222202946-timesformer_scroll5_november19-tile64-stride16-ds8.jpg,PHerc0172,20251115002744-auto_grown_20251115002740308_4_flatboi,other,94,0.851,0.5428,6200,27280,2488,0.0393
PHerc1667/segments/20240304161941-w023_20240304161941_flatboi/ink-detection/downsampled/PHerc1667-20240304161941-1.129um-0.22m-59keV-volume-20260323082859-L1-20260709123958-mrg20736-1um-s1z2-tile256-stride128-ds8.jpg,PHerc1667,20240304161941-w023_20240304161941_flatboi,1um_s1z2,22,0.8908,0.5206,26112,69632,8704,0.1487
PHercParis4/segments/20260623170833-w124-125/ink-detection/downsampled/PHercParis4-20260623170833-2.4um-0.22m-78keV-volume-20260411134726-20260417190342-new_canon_autoresearch_recipe-tile256-stride128-ds8.jpg,PHercParis4,20260623170833-w124-125,canon,60,0.889,0.5135,24576,114688,8192,0.0602
PHercParis4/segments/20260701183147-w120-121/ink-detection/downsampled/PHercParis4-20260701183147-2.4um-0.22m-78keV-volume-20260411134726-20260417190342-new_canon_autoresearch_recipe-tile256-stride128-ds8.jpg,PHercParis4,20260701183147-w120-121,canon,103,0.9184,0.5123,16384,53248,8192,0.036
PHercParis4/segments/20260701183148-w122-123/ink-detection/downsampled/PHercParis4-20260701183148-2.4um-0.22m-78keV-volume-20260411134726-20260417190342-new_canon_autoresearch_recipe-tile256-stride128-ds8.jpg,PHercParis4,20260701183148-w122-123,canon,102,0.9393,0.4779,28672,94208,8192,0.0363
PHercParis4/segments/20260623171400-w126-127/ink-detection/downsampled/PHercParis4-20260623171400-2.4um-0.22m-78keV-volume-20260411134726-20260417190342-new_canon_autoresearch_recipe-tile256-stride128-ds8.jpg,PHercParis4,20260623171400-w126-127,canon,56,0.9194,0.3788,20480,126976,8192,0.0642
PHercParis4/segments/20260701183149-w124-125/ink-detection/downsampled/PHercParis4-20260701183149-2.4um-0.22m-78keV-volume-20260411134726-20260417190342-new_canon_autoresearch_recipe-tile256-stride128-ds8.jpg,PHercParis4,20260701183149-w124-125,canon,104,0.8803,0.3616,20480,40960,8192,0.0356
PHercParis4/segments/20260701183150-w126-127/ink-detection/downsampled/PHercParis4-20260701183150-2.4um-0.22m-78keV-volume-20260411134726-20260417190342-new_canon_autoresearch_recipe-tile256-stride128-ds8.jpg,PHercParis4,20260701183150-w126-127,canon,99,0.893,0.1603,36864,139264,8192,0.0374
PHercParis4/segments/20260623171929-w128-129/ink-detection/downsampled/PHercParis4-20260623171929-2.4um-0.22m-78keV-volume-20260411134726-20260417190342-new_canon_autoresearch_recipe-tile256-stride128-ds8.jpg,PHercParis4,20260623171929-w128-129,canon,58,0.9574,0.1203,45056,49152,8192,0.0621
PHercParis4/segments/20260701183151-w128-129/ink-detection/downsampled/PHercParis4-20260701183151-2.4um-0.22m-78keV-volume-20260411134726-20260417190342-new_canon_autoresearch_recipe-tile256-stride128-ds8.jpg,PHercParis4,20260701183151-w128-129,canon,93,0.8599,0.0379,69632,40960,8192,0.0397
