key,scroll,segment,recipe,n_windows,scroll_base_rate,p_zero_by_chance,significant,max_score
PHercParis4/segments/20260701183149-w124-125/ink-detection/downsampled/PHercParis4-20260701183149-2.4um-0.22m-78keV-volume-20260411134726-20260417190342-new_canon_autoresearch_recipe-tile256-stride128-ds8.jpg,PHercParis4,20260701183149-w124-125,canon,104,0.05534,0.00268,1,0.8803
PHercParis4/segments/20260701183150-w126-127/ink-detection/downsampled/PHercParis4-20260701183150-2.4um-0.22m-78keV-volume-20260411134726-20260417190342-new_canon_autoresearch_recipe-tile256-stride128-ds8.jpg,PHercParis4,20260701183150-w126-127,canon,99,0.05534,0.00357,1,0.893
PHercParis4/segments/20260701183151-w128-129/ink-detection/downsampled/PHercParis4-20260701183151-2.4um-0.22m-78keV-volume-20260411134726-20260417190342-new_canon_autoresearch_recipe-tile256-stride128-ds8.jpg,PHercParis4,20260701183151-w128-129,canon,93,0.05534,0.00502,1,0.8599
PHercParis4/segments/20260623170833-w124-125/ink-detection/downsampled/PHercParis4-20260623170833-2.4um-0.22m-78keV-volume-20260411134726-20260417190342-new_canon_autoresearch_recipe-tile256-stride128-ds8.jpg,PHercParis4,20260623170833-w124-125,canon,60,0.05534,0.03285,1,0.889
PHercParis4/segments/20260623150417-w064-068/ink-detection/downsampled/PHercParis4-20260623150417-1.129um-0.23m-78keV-volume-20260608103018-L1-20260709123958-mrg20736-1um-s1z2-tile256-stride128-ds8.jpg,PHercParis4,20260623150417-w064-068,1um_s1z2,42,0.05534,0.09154,0,0.8756
PHercParis4/segments/20260623153216-w081-084/ink-detection/downsampled/PHercParis4-20260623153216-1.129um-0.23m-78keV-volume-20260608103018-L1-20260709123958-mrg20736-1um-s1z2-tile256-stride128-ds8.jpg,PHercParis4,20260623153216-w081-084,1um_s1z2,40,0.05534,0.10258,0,0.8708
PHercParis4/segments/20260623154006-w085-088/ink-detection/downsampled/PHercParis4-20260623154006-1.129um-0.23m-78keV-volume-20260608103018-L1-20260709123958-mrg20736-1um-s1z2-tile256-stride128-ds8.jpg,PHercParis4,20260623154006-w085-088,1um_s1z2,40,0.05534,0.10258,0,0.8936
PHerc1667/segments/20240304161941-w023_20240304161941_flatboi/ink-detection/downsampled/PHerc1667-20240304161941-1.129um-0.22m-59keV-volume-20260323082859-L1-20260709123958-mrg20736-1um-s1z2-tile256-stride128-ds8.jpg,PHerc1667,20240304161941-w023_20240304161941_flatboi,1um_s1z2,22,0.09446,0.1127,0,0.8908
PHercParis4/segments/20260623152443-w077-080/ink-detection/downsampled/PHercParis4-20260623152443-1.129um-0.23m-78keV-volume-20260608103018-L1-20260709123958-mrg20736-1um-s1z2-tile256-stride128-ds8.jpg,PHercParis4,20260623152443-w077-080,1um_s1z2,38,0.05534,0.11495,0,0.8373
PHercParis4/segments/20260623155240-w092-094/ink-detection/downsampled/PHercParis4-20260623155240-1.129um-0.23m-78keV-volume-20260608103018-L1-20260709123958-mrg20736-1um-s1z2-tile256-stride128-ds8.jpg,PHercParis4,20260623155240-w092-094,1um_s1z2,32,0.05534,0.16175,0,0.8729
PHercParis4/segments/20260623151041-w069-072/ink-detection/downsampled/PHercParis4-20260623151041-1.129um-0.23m-78keV-volume-20260608103018-L1-20260709123958-mrg20736-1um-s1z2-tile256-stride128-ds8.jpg,PHercParis4,20260623151041-w069-072,1um_s1z2,31,0.05534,0.17122,0,0.8473
PHercParis4/segments/20260623154617-w089-091/ink-detection/downsampled/PHercParis4-20260623154617-1.129um-0.23m-78keV-volume-20260608103018-L1-20260709123958-mrg20736-1um-s1z2-tile256-stride128-ds8.jpg,PHercParis4,20260623154617-w089-091,1um_s1z2,31,0.05534,0.17122,0,0.8682
PHercParis4/segments/20260623151729-w073-076/ink-detection/downsampled/PHercParis4-20260623151729-1.129um-0.23m-78keV-volume-20260608103018-L1-20260709123958-mrg20736-1um-s1z2-tile256-stride128-ds8.jpg,PHercParis4,20260623151729-w073-076,1um_s1z2,27,0.05534,0.21501,0,0.867
PHerc0172/segments/20251115002745-auto_grown_20251115002740308_5_flatboi/ink-detection/downsampled/PHerc0172-20251115002745-7.91um-53keV-volume-20241024131838-20250713185324-timesformer_scroll5_july_retreat-tile64-stride16-ds8.jpg,PHerc0172,20251115002745-auto_grown_20251115002740308_5_flatboi,other,115,0.00539,0.53707,0,0.8562
PHerc0172/segments/20251115002745-auto_grown_20251115002740308_5_flatboi/ink-detection/downsampled/PHerc0172-20251115002745-7.91um-53keV-volume-20241024131838-20251222202946-timesformer_scroll5_november19-tile64-stride16-ds8.jpg,PHerc0172,20251115002745-auto_grown_20251115002740308_5_flatboi,other,115,0.00539,0.53707,0,0.8846
PHerc0172/segments/20251115002747-auto_grown_20251115002740308_7_flatboi/ink-detection/downsampled/PHerc0172-20251115002747-7.91um-53keV-volume-20241024131838-20250713185324-timesformer_scroll5_july_retreat-tile64-stride16-ds8.jpg,PHerc0172,20251115002747-auto_grown_20251115002740308_7_flatboi,other,112,0.00539,0.54585,0,0.8705
PHerc0172/segments/20251115002747-auto_grown_20251115002740308_7_flatboi/ink-detection/downsampled/PHerc0172-20251115002747-7.91um-53keV-volume-20241024131838-20251222202946-timesformer_scroll5_november19-tile64-stride16-ds8.jpg,PHerc0172,20251115002747-auto_grown_20251115002740308_7_flatboi,other,112,0.00539,0.54585,0,0.8071
PHerc0172/segments/20251115002742-auto_grown_20251115002740308_2_flatboi/ink-detection/downsampled/PHerc0172-20251115002742-7.91um-53keV-volume-20241024131838-20250713185324-timesformer_scroll5_july_retreat-tile64-stride16-ds8.jpg,PHerc0172,20251115002742-auto_grown_20251115002740308_2_flatboi,other,107,0.00539,0.56081,0,0.8983
PHerc0172/segments/20251115002742-auto_grown_20251115002740308_2_flatboi/ink-detection/downsampled/PHerc0172-20251115002742-7.91um-53keV-volume-20241024131838-20251222202946-timesformer_scroll5_november19-tile64-stride16-ds8.jpg,PHerc0172,20251115002742-auto_grown_20251115002740308_2_flatboi,other,107,0.00539,0.56081,0,0.8391
PHerc0172/segments/20251115002743-auto_grown_20251115002740308_3_flatboi/ink-detection/downsampled/PHerc0172-20251115002743-7.91um-53keV-volume-20241024131838-20250713185324-timesformer_scroll5_july_retreat-tile64-stride16-ds8.jpg,PHerc0172,20251115002743-auto_grown_20251115002740308_3_flatboi,other,104,0.00539,0.56997,0,0.8809
PHerc0172/segments/20251115002741-auto_grown_20251115002740308_1_flatboi/ink-detection/downsampled/PHerc0172-20251115002741-7.91um-53keV-volume-20241024131838-20251222202946-timesformer_scroll5_november19-tile64-stride16-ds8.jpg,PHerc0172,20251115002741-auto_grown_20251115002740308_1_flatboi,other,103,0.00539,0.57306,0,0.8288
PHerc0172/segments/20251115002744-auto_grown_20251115002740308_4_flatboi/ink-detection/downsampled/PHerc0172-20251115002744-7.91um-53keV-volume-20241024131838-20251222202946-timesformer_scroll5_november19-tile64-stride16-ds8.jpg,PHerc0172,20251115002744-auto_grown_20251115002740308_4_flatboi,other,94,0.00539,0.60163,0,0.851
PHerc0172/segments/20251115002746-auto_grown_20251115002740308_6_flatboi/ink-detection/downsampled/PHerc0172-20251115002746-7.91um-53keV-volume-20241024131838-20250713185324-timesformer_scroll5_july_retreat-tile64-stride16-ds8.jpg,PHerc0172,20251115002746-auto_grown_20251115002740308_6_flatboi,other,73,0.00539,0.67395,0,0.8921
PHerc0172/segments/20251115002746-auto_grown_20251115002740308_6_flatboi/ink-detection/downsampled/PHerc0172-20251115002746-7.91um-53keV-volume-20241024131838-20251222202946-timesformer_scroll5_november19-tile64-stride16-ds8.jpg,PHerc0172,20251115002746-auto_grown_20251115002740308_6_flatboi,other,73,0.00539,0.67395,0,0.8444
PHerc0172/segments/20251115002748-auto_grown_20251115002740308_8_flatboi/ink-detection/downsampled/PHerc0172-20251115002748-7.91um-53keV-volume-20241024131838-20250713185324-timesformer_scroll5_july_retreat-tile64-stride16-ds8.jpg,PHerc0172,20251115002748-auto_grown_20251115002740308_8_flatboi,other,72,0.00539,0.67761,0,0.8614
PHerc0172/segments/20251115002748-auto_grown_20251115002740308_8_flatboi/ink-detection/downsampled/PHerc0172-20251115002748-7.91um-53keV-volume-20241024131838-20251222202946-timesformer_scroll5_november19-tile64-stride16-ds8.jpg,PHerc0172,20251115002748-auto_grown_20251115002740308_8_flatboi,other,72,0.00539,0.67761,0,0.8389
PHerc0172/segments/20251111151836-w069_20251111151836406_flatboi/ink-detection/downsampled/PHerc0172-20251111151836-7.91um-53keV-volume-20241024131838-20250713185324-timesformer_scroll5_july_retreat-tile64-stride16-ds8.jpg,PHerc0172,20251111151836-w069_20251111151836406_flatboi,other,37,0.00539,0.81873,0,0.8824
PHerc0172/segments/20251111151836-w069_20251111151836406_flatboi/ink-detection/downsampled/PHerc0172-20251111151836-7.91um-53keV-volume-20241024131838-20251222202946-timesformer_scroll5_november19-tile64-stride16-ds8.jpg,PHerc0172,20251111151836-w069_20251111151836406_flatboi,other,37,0.00539,0.81873,0,0.8536
PHerc0172/segments/20251109232817-w065_20251109232817724_flatboi/ink-detection/downsampled/PHerc0172-20251109232817-7.91um-53keV-volume-20241024131838-20251222202946-timesformer_scroll5_november19-tile64-stride16-ds8.jpg,PHerc0172,20251109232817-w065_20251109232817724_flatboi,other,34,0.00539,0.83212,0,0.83
PHerc0172/segments/20251110110112-w066_20251110110112608_flatboi/ink-detection/downsampled/PHerc0172-20251110110112-7.91um-53keV-volume-20241024131838-20251222202946-timesformer_scroll5_november19-tile64-stride16-ds8.jpg,PHerc0172,20251110110112-w066_20251110110112608_flatboi,other,33,0.00539,0.83663,0,0.8865
PHerc0172/segments/20251113152136-w074_20251113152136889_flatboi/ink-detection/downsampled/PHerc0172-20251113152136-7.91um-53keV-volume-20241024131838-20250713185324-timesformer_scroll5_july_retreat-tile64-stride16-ds8.jpg,PHerc0172,20251113152136-w074_20251113152136889_flatboi,other,30,0.00539,0.8503,0,0.8948
PHerc0172/segments/20251110135803-w067_20251110135803677_flatboi/ink-detection/downsampled/PHerc0172-20251110135803-7.91um-53keV-volume-20241024131838-20251222202946-timesformer_scroll5_november19-tile64-stride16-ds8.jpg,PHerc0172,20251110135803-w067_20251110135803677_flatboi,other,30,0.00539,0.8503,0,0.8543
PHerc0172/segments/20251113130119-w073_20251113130119516_flatboi/ink-detection/downsampled/PHerc0172-20251113130119-7.91um-53keV-volume-20241024131838-20251222202946-timesformer_scroll5_november19-tile64-stride16-ds8.jpg,PHerc0172,20251113130119-w073_20251113130119516_flatboi,other,30,0.00539,0.8503,0,0.8705
PHerc0172/segments/20251113204233-w075_20251113204233755_flatboi/ink-detection/downsampled/PHerc0172-20251113204233-7.91um-53keV-volume-20241024131838-20251222202946-timesformer_scroll5_november19-tile64-stride16-ds8.jpg,PHerc0172,20251113204233-w075_20251113204233755_flatboi,other,30,0.00539,0.8503,0,0.8478
PHerc0172/segments/20251111010954-w068_20251111010954408_flatboi/ink-detection/downsampled/PHerc0172-20251111010954-7.91um-53keV-volume-20241024131838-20251222202946-timesformer_scroll5_november19-tile64-stride16-ds8.jpg,PHerc0172,20251111010954-w068_20251111010954408_flatboi,other,30,0.00539,0.8503,0,0.8453
PHerc0172/segments/20251107063327-w063_20251107063327215_flatboi/ink-detection/downsampled/PHerc0172-20251107063327-7.91um-53keV-volume-20241024131838-20250713185324-timesformer_scroll5_july_retreat-tile64-stride16-ds8.jpg,PHerc0172,20251107063327-w063_20251107063327215_flatboi,other,30,0.00539,0.8503,0,0.8776
PHerc0172/segments/20251112163527-w071_20251112163527854_flatboi/ink-detection/downsampled/PHerc0172-20251112163527-7.91um-53keV-volume-20241024131838-20250713185324-timesformer_scroll5_july_retreat-tile64-stride16-ds8.jpg,PHerc0172,20251112163527-w071_20251112163527854_flatboi,other,30,0.00539,0.8503,0,0.896
PHerc0172/segments/20251113021010-w072_20251113021010674_flatboi/ink-detection/downsampled/PHerc0172-20251113021010-7.91um-53keV-volume-20241024131838-20251222202946-timesformer_scroll5_november19-tile64-stride16-ds8.jpg,PHerc0172,20251113021010-w072_20251113021010674_flatboi,other,30,0.00539,0.8503,0,0.8767
PHerc0172/segments/20251113152136-w074_20251113152136889_flatboi/ink-detection/downsampled/PHerc0172-20251113152136-7.91um-53keV-volume-20241024131838-20251222202946-timesformer_scroll5_november19-tile64-stride16-ds8.jpg,PHerc0172,20251113152136-w074_20251113152136889_flatboi,other,30,0.00539,0.8503,0,0.8768
PHerc0172/segments/20251107063327-w063_20251107063327215_flatboi/ink-detection/downsampled/PHerc0172-20251107063327-7.91um-53keV-volume-20241024131838-20251222202946-timesformer_scroll5_november19-tile64-stride16-ds8.jpg,PHerc0172,20251107063327-w063_20251107063327215_flatboi,other,30,0.00539,0.8503,0,0.8144
PHerc0172/segments/20251111210734-w070_20251111210734722_flatboi/ink-detection/downsampled/PHerc0172-20251111210734-7.91um-53keV-volume-20241024131838-20250713185324-timesformer_scroll5_july_retreat-tile64-stride16-ds8.jpg,PHerc0172,20251111210734-w070_20251111210734722_flatboi,other,30,0.00539,0.8503,0,0.896
PHerc0172/segments/20251111210734-w070_20251111210734722_flatboi/ink-detection/downsampled/PHerc0172-20251111210734-7.91um-53keV-volume-20241024131838-20251222202946-timesformer_scroll5_november19-tile64-stride16-ds8.jpg,PHerc0172,20251111210734-w070_20251111210734722_flatboi,other,30,0.00539,0.8503,0,0.8596
PHerc0172/segments/20251112163527-w071_20251112163527854_flatboi/ink-detection/downsampled/PHerc0172-20251112163527-7.91um-53keV-volume-20241024131838-20251222202946-timesformer_scroll5_november19-tile64-stride16-ds8.jpg,PHerc0172,20251112163527-w071_20251112163527854_flatboi,other,30,0.00539,0.8503,0,0.8102
PHerc0172/segments/20250917143559-w062_20250917143559205_flatboi/ink-detection/downsampled/PHerc0172-20250917143559-7.91um-53keV-volume-20241024131838-20250713185324-timesformer_scroll5_july_retreat-tile64-stride16-ds8.jpg,PHerc0172,20250917143559-w062_20250917143559205_flatboi,other,28,0.00539,0.85955,0,0.8754
PHerc0172/segments/20250917143559-w062_20250917143559205_flatboi/ink-detection/downsampled/PHerc0172-20250917143559-7.91um-53keV-volume-20241024131838-20251222202946-timesformer_scroll5_november19-tile64-stride16-ds8.jpg,PHerc0172,20250917143559-w062_20250917143559205_flatboi,other,28,0.00539,0.85955,0,0.845
PHerc0172/segments/20251107175958-w061_20251107175958270_flatboi/ink-detection/downsampled/PHerc0172-20251107175958-7.91um-53keV-volume-20241024131838-20250713185324-timesformer_scroll5_july_retreat-tile64-stride16-ds8.jpg,PHerc0172,20251107175958-w061_20251107175958270_flatboi,other,25,0.00539,0.8736,0,0.8885
PHerc0172/segments/20251107175958-w061_20251107175958270_flatboi/ink-detection/downsampled/PHerc0172-20251107175958-7.91um-53keV-volume-20241024131838-20251222202946-timesformer_scroll5_november19-tile64-stride16-ds8.jpg,PHerc0172,20251107175958-w061_20251107175958270_flatboi,other,25,0.00539,0.8736,0,0.8141
PHerc0172/segments/20250926113336-w079_20250926113336891_flatboi/ink-detection/downsampled/PHerc0172-20250926113336-7.91um-53keV-volume-20241024131838-20251222202946-timesformer_scroll5_november19-tile64-stride16-ds8.jpg,PHerc0172,20250926113336-w079_20250926113336891_flatboi,other,24,0.00539,0.87833,0,0.8966
PHerc0172/segments/20251106133152-w077_20251106133152767_flatboi/ink-detection/downsampled/PHerc0172-20251106133152-7.91um-53keV-volume-20241024131838-20250713185324-timesformer_scroll5_july_retreat-tile64-stride16-ds8.jpg,PHerc0172,20251106133152-w077_20251106133152767_flatboi,other,23,0.00539,0.88309,0,0.8805
PHerc0172/segments/20251106133152-w077_20251106133152767_flatboi/ink-detection/downsampled/PHerc0172-20251106133152-7.91um-53keV-volume-20241024131838-20251222202946-timesformer_scroll5_november19-tile64-stride16-ds8.jpg,PHerc0172,20251106133152-w077_20251106133152767_flatboi,other,23,0.00539,0.88309,0,0.8124
PHerc0172/segments/20250926122938-w082_20250926122938619_flatboi/ink-detection/downsampled/PHerc0172-20250926122938-7.91um-53keV-volume-20241024131838-20250713185324-timesformer_scroll5_july_retreat-tile64-stride16-ds8.jpg,PHerc0172,20250926122938-w082_20250926122938619_flatboi,other,22,0.00539,0.88788,0,0.8778
PHerc0172/segments/20250926132117-w083_20250926132117595_flatboi/ink-detection/downsampled/PHerc0172-20250926132117-7.91um-53keV-volume-20241024131838-20251222202946-timesformer_scroll5_november19-tile64-stride16-ds8.jpg,PHerc0172,20250926132117-w083_20250926132117595_flatboi,other,22,0.00539,0.88788,0,0.8375
PHerc0172/segments/20250926122938-w082_20250926122938619_flatboi/ink-detection/downsampled/PHerc0172-20250926122938-7.91um-53keV-volume-20241024131838-20251222202946-timesformer_scroll5_november19-tile64-stride16-ds8.jpg,PHerc0172,20250926122938-w082_20250926122938619_flatboi,other,22,0.00539,0.88788,0,0.8321
PHerc0172/segments/20251210153304-w058_20251210153304503_flatboi/ink-detection/downsampled/PHerc0172-20251210153304-7.91um-53keV-volume-20241024131838-20250713185324-timesformer_scroll5_july_retreat-tile64-stride16-ds8.jpg,PHerc0172,20251210153304-w058_20251210153304503_flatboi,other,20,0.00539,0.89753,0,0.8777
PHerc0172/segments/20251210160810-w057_20251210160810301_flatboi/ink-detection/downsampled/PHerc0172-20251210160810-7.91um-53keV-volume-20241024131838-20251222202946-timesformer_scroll5_november19-tile64-stride16-ds8.jpg,PHerc0172,20251210160810-w057_20251210160810301_flatboi,other,20,0.00539,0.89753,0,0.8456
PHerc0172/segments/20251211095724-w056_20251211095724922_flatboi/ink-detection/downsampled/PHerc0172-20251211095724-7.91um-53keV-volume-20241024131838-20250713185324-timesformer_scroll5_july_retreat-tile64-stride16-ds8.jpg,PHerc0172,20251211095724-w056_20251211095724922_flatboi,other,20,0.00539,0.89753,0,0.8555
PHerc0172/segments/20251106170358-w076_20251106170358232_flatboi/ink-detection/downsampled/PHerc0172-20251106170358-7.91um-53keV-volume-20241024131838-20251222202946-timesformer_scroll5_november19-tile64-stride16-ds8.jpg,PHerc0172,20251106170358-w076_20251106170358232_flatboi,other,20,0.00539,0.89753,0,0.8851
PHerc0172/segments/20251211135303-w054_20251211135303394_flatboi/ink-detection/downsampled/PHerc0172-20251211135303-7.91um-53keV-volume-20241024131838-20251222202946-timesformer_scroll5_november19-tile64-stride16-ds8.jpg,PHerc0172,20251211135303-w054_20251211135303394_flatboi,other,20,0.00539,0.89753,0,0.8099
PHerc0172/segments/20251211152543-w053_20251211152543204_flatboi/ink-detection/downsampled/PHerc0172-20251211152543-7.91um-53keV-volume-20241024131838-20250713185324-timesformer_scroll5_july_retreat-tile64-stride16-ds8.jpg,PHerc0172,20251211152543-w053_20251211152543204_flatboi,other,20,0.00539,0.89753,0,0.8175
PHerc0172/segments/20251211095724-w056_20251211095724922_flatboi/ink-detection/downsampled/PHerc0172-20251211095724-7.91um-53keV-volume-20241024131838-20251222202946-timesformer_scroll5_november19-tile64-stride16-ds8.jpg,PHerc0172,20251211095724-w056_20251211095724922_flatboi,other,20,0.00539,0.89753,0,0.812
PHerc0172/segments/20251210142414-w059_20251210142414060_flatboi/ink-detection/downsampled/PHerc0172-20251210142414-7.91um-53keV-volume-20241024131838-20251222202946-timesformer_scroll5_november19-tile64-stride16-ds8.jpg,PHerc0172,20251210142414-w059_20251210142414060_flatboi,other,20,0.00539,0.89753,0,0.8671
PHerc0172/segments/20251211111451-w055_20251211111451620_flatboi/ink-detection/downsampled/PHerc0172-20251211111451-7.91um-53keV-volume-20241024131838-20250713185324-timesformer_scroll5_july_retreat-tile64-stride16-ds8.jpg,PHerc0172,20251211111451-w055_20251211111451620_flatboi,other,20,0.00539,0.89753,0,0.8502
PHerc0172/segments/20251210153304-w058_20251210153304503_flatboi/ink-detection/downsampled/PHerc0172-20251210153304-7.91um-53keV-volume-20241024131838-20251222202946-timesformer_scroll5_november19-tile64-stride16-ds8.jpg,PHerc0172,20251210153304-w058_20251210153304503_flatboi,other,20,0.00539,0.89753,0,0.8502
PHerc0172/segments/20251207123912-w060_20251207123912611_flatboi/ink-detection/downsampled/PHerc0172-20251207123912-7.91um-53keV-volume-20241024131838-20250713185324-timesformer_scroll5_july_retreat-tile64-stride16-ds8.jpg,PHerc0172,20251207123912-w060_20251207123912611_flatboi,other,20,0.00539,0.89753,0,0.8791
PHerc0172/segments/20251210142414-w059_20251210142414060_flatboi/ink-detection/downsampled/PHerc0172-20251210142414-7.91um-53keV-volume-20241024131838-20250713185324-timesformer_scroll5_july_retreat-tile64-stride16-ds8.jpg,PHerc0172,20251210142414-w059_20251210142414060_flatboi,other,20,0.00539,0.89753,0,0.8861
PHerc0172/segments/20251207123912-w060_20251207123912611_flatboi/ink-detection/downsampled/PHerc0172-20251207123912-7.91um-53keV-volume-20241024131838-20251222202946-timesformer_scroll5_november19-tile64-stride16-ds8.jpg,PHerc0172,20251207123912-w060_20251207123912611_flatboi,other,20,0.00539,0.89753,0,0.8344
PHerc0172/segments/20251212105627-w052_20251212105627148_flatboi/ink-detection/downsampled/PHerc0172-20251212105627-7.91um-53keV-volume-20241024131838-20250713185324-timesformer_scroll5_july_retreat-tile64-stride16-ds8.jpg,PHerc0172,20251212105627-w052_20251212105627148_flatboi,other,20,0.00539,0.89753,0,0.8973
PHerc0172/segments/20251211152543-w053_20251211152543204_flatboi/ink-detection/downsampled/PHerc0172-20251211152543-7.91um-53keV-volume-20241024131838-20251222202946-timesformer_scroll5_november19-tile64-stride16-ds8.jpg,PHerc0172,20251211152543-w053_20251211152543204_flatboi,other,20,0.00539,0.89753,0,0.7767
PHerc0172/segments/20251211111451-w055_20251211111451620_flatboi/ink-detection/downsampled/PHerc0172-20251211111451-7.91um-53keV-volume-20241024131838-20251222202946-timesformer_scroll5_november19-tile64-stride16-ds8.jpg,PHerc0172,20251211111451-w055_20251211111451620_flatboi,other,20,0.00539,0.89753,0,0.8006
PHerc0172/segments/20251212105627-w052_20251212105627148_flatboi/ink-detection/downsampled/PHerc0172-20251212105627-7.91um-53keV-volume-20241024131838-20251222202946-timesformer_scroll5_november19-tile64-stride16-ds8.jpg,PHerc0172,20251212105627-w052_20251212105627148_flatboi,other,20,0.00539,0.89753,0,0.8206
