scroll,segment,recipe,pitch_um,y0,x0,jpg,area,requant,q50
PHercParis4,20260603145540-5753_-4,canon,2.4,0,4096,0.3317,0.3324,0.3324,0.3308
PHercParis4,20260603145540-5753_-4,canon,2.4,4096,4096,0.3702,0.3709,0.371,0.3864
PHercParis4,20260603145540-5753_-4,canon,2.4,8192,4096,0.322,0.3227,0.3228,0.358
PHercParis4,20260603145540-5753_-4,canon,2.4,12288,4096,0.3083,0.3093,0.3093,0.3227
PHercParis4,20260603145540-5753_-4,canon,2.4,16384,4096,0.197,0.1978,0.1976,0.196
PHercParis4,20260603145540-5753_-4,canon,2.4,20480,4096,0.1855,0.1862,0.1862,0.1847
PHercParis4,20260603145540-5753_-4,canon,2.4,24576,4096,0.277,0.2442,0.2443,0.2756
PHercParis4,20260603145540-5753_-4,canon,2.4,28672,4096,0.2213,0.1707,0.1705,0.2198
PHercParis4,20260603145540-5753_-4,canon,2.4,32768,0,0.0,0.0,0.0,0.0
PHercParis4,20260603145540-5753_-4,canon,2.4,32768,4096,0.1552,0.1557,0.1556,0.1546
PHercParis4,20260603145540-5753_-4,canon,2.4,36864,0,0.0,0.0,0.0,0.0
PHercParis4,20260603145540-5753_-4,canon,2.4,36864,4096,0.0823,0.0827,0.0827,0.0824
PHercParis4,20260603145540-5753_-4,canon,2.4,40960,0,0.0,0.0,0.0,0.0
PHercParis4,20260603145540-5753_-4,canon,2.4,40960,4096,0.0,0.0,0.0,0.0
PHercParis4,20260603145540-5753_-4,canon,2.4,45056,0,0.1178,0.1177,0.0466,0.1187
PHercParis4,20260603145540-5753_-4,canon,2.4,45056,4096,0.0198,0.0199,0.0198,0.0195
PHercParis4,20260603145540-5753_-4,canon,2.4,49152,0,0.0795,0.0795,0.0314,0.1179
PHercParis4,20260603145540-5753_-4,canon,2.4,49152,4096,0.1713,0.1716,0.1716,0.1706
PHercParis4,20260603145540-5753_-4,canon,2.4,53248,0,0.0,0.0,0.0,0.0372
PHercParis4,20260603145540-5753_-4,canon,2.4,53248,4096,0.1825,0.1832,0.1833,0.1816
PHercParis4,20260603145540-5753_-4,canon,2.4,57344,0,0.3814,0.3827,0.3822,0.3799
PHercParis4,20260603145540-5753_-4,canon,2.4,57344,4096,0.3391,0.3405,0.3401,0.3375
PHercParis4,20260603145540-5753_-4,canon,2.4,61440,0,0.5287,0.5302,0.5295,0.5277
PHercParis4,20260603145540-5753_-4,canon,2.4,61440,4096,0.47,0.4713,0.471,0.4686
PHercParis4,20260603145540-5753_-4,canon,2.4,65536,0,0.4438,0.445,0.4448,0.4427
PHercParis4,20260603145540-5753_-4,canon,2.4,65536,4096,0.3798,0.3809,0.3807,0.3783
PHercParis4,20260603145540-5753_-4,canon,2.4,69632,0,0.311,0.3115,0.3117,0.3099
PHercParis4,20260603145540-5753_-4,canon,2.4,69632,4096,0.1951,0.1957,0.1955,0.194
PHerc0172,20251211135303-w054,other,7.91,0,0,0.4722,0.4749,0.4793,0.4725
PHerc0172,20251211135303-w054,other,7.91,0,1240,0.8065,0.8091,0.8167,0.8052
PHerc0172,20251211135303-w054,other,7.91,0,2480,0.7437,0.742,0.744,0.7541
PHerc0172,20251211135303-w054,other,7.91,0,3720,0.6493,0.6509,0.6503,0.6651
PHerc0172,20251211135303-w054,other,7.91,0,4960,0.7826,0.7834,0.7835,0.7842
PHerc0172,20251211135303-w054,other,7.91,0,6200,0.7601,0.7609,0.7611,0.7586
PHerc0172,20251211135303-w054,other,7.91,0,7440,0.6821,0.6743,0.6748,0.6823
PHerc0172,20251211135303-w054,other,7.91,0,8680,0.6913,0.6872,0.6878,0.6934
PHerc0172,20251211135303-w054,other,7.91,0,9920,0.5774,0.5776,0.5779,0.5781
PHerc0172,20251211135303-w054,other,7.91,1240,0,0.3067,0.3177,0.3027,0.3212
PHerc0172,20251211135303-w054,other,7.91,1240,1240,0.7657,0.7634,0.7572,0.7697
PHerc0172,20251211135303-w054,other,7.91,1240,2480,0.7297,0.7232,0.7279,0.7445
PHerc0172,20251211135303-w054,other,7.91,1240,3720,0.7467,0.7514,0.7466,0.7726
PHerc0172,20251211135303-w054,other,7.91,1240,4960,0.7827,0.7832,0.7823,0.7837
PHerc0172,20251211135303-w054,other,7.91,1240,6200,0.758,0.7555,0.7575,0.7553
PHerc0172,20251211135303-w054,other,7.91,1240,7440,0.8004,0.792,0.7947,0.7997
PHerc0172,20251211135303-w054,other,7.91,1240,8680,0.7597,0.7565,0.7569,0.7672
PHerc0172,20251211135303-w054,other,7.91,1240,9920,0.6426,0.6426,0.6481,0.6493
PHerc0172,20251211135303-w054,other,7.91,2480,0,0.2673,0.27,0.2662,0.2701
PHerc0172,20251211135303-w054,other,7.91,2480,1240,0.7221,0.7212,0.7141,0.7215
PHerc0172,20251211135303-w054,other,7.91,2480,2480,0.6964,0.6918,0.6962,0.7032
PHerc0172,20251211135303-w054,other,7.91,2480,3720,0.6939,0.6989,0.6943,0.7106
PHerc0172,20251211135303-w054,other,7.91,2480,4960,0.74,0.7394,0.7396,0.736
PHerc0172,20251211135303-w054,other,7.91,2480,6200,0.7278,0.7242,0.7272,0.721
PHerc0172,20251211135303-w054,other,7.91,2480,7440,0.813,0.8096,0.8122,0.8167
PHerc0172,20251211135303-w054,other,7.91,2480,8680,0.8656,0.8726,0.8731,0.8789
PHerc0172,20251211135303-w054,other,7.91,2480,9920,0.6395,0.6476,0.6532,0.6505
PHerc0172,20251211135303-w054,other,7.91,3720,0,0.3618,0.3636,0.3043,0.3033
PHerc0172,20251211135303-w054,other,7.91,3720,1240,0.7753,0.7758,0.775,0.7758
PHerc0172,20251211135303-w054,other,7.91,3720,2480,0.7119,0.7128,0.7125,0.7141
PHerc0172,20251211135303-w054,other,7.91,3720,3720,0.7032,0.7033,0.7043,0.7065
PHerc0172,20251211135303-w054,other,7.91,3720,4960,0.7544,0.7535,0.7535,0.7428
PHerc0172,20251211135303-w054,other,7.91,3720,6200,0.7408,0.7405,0.7403,0.7307
PHerc0172,20251211135303-w054,other,7.91,3720,7440,0.7539,0.7536,0.7537,0.7486
PHerc0172,20251211135303-w054,other,7.91,3720,8680,0.8166,0.827,0.8272,0.8176
PHerc0172,20251211135303-w054,other,7.91,3720,9920,0.8421,0.852,0.8539,0.8503
PHerc0172,20251211135303-w054,other,7.91,4960,0,0.3745,0.3742,0.3393,0.3395
PHerc0172,20251211135303-w054,other,7.91,4960,1240,0.7439,0.7443,0.7434,0.7437
PHerc0172,20251211135303-w054,other,7.91,4960,2480,0.7771,0.7793,0.7766,0.7769
PHerc0172,20251211135303-w054,other,7.91,4960,3720,0.83,0.83,0.8294,0.8304
PHerc0172,20251211135303-w054,other,7.91,4960,4960,0.8485,0.8474,0.8479,0.8389
PHerc0172,20251211135303-w054,other,7.91,4960,6200,0.8507,0.8505,0.8506,0.842
PHerc0172,20251211135303-w054,other,7.91,4960,7440,0.7796,0.7799,0.7789,0.7688
PHerc0172,20251211135303-w054,other,7.91,4960,8680,0.8046,0.8074,0.8067,0.7981
PHerc0172,20251211135303-w054,other,7.91,4960,9920,0.8388,0.8463,0.8484,0.8399
PHerc0172,20251211135303-w054,other,7.91,6200,0,0.3338,0.3397,0.336,0.3326
PHerc0172,20251211135303-w054,other,7.91,6200,1240,0.7397,0.7396,0.7392,0.7399
PHerc0172,20251211135303-w054,other,7.91,6200,2480,0.7223,0.7174,0.7212,0.7215
PHerc0172,20251211135303-w054,other,7.91,6200,3720,0.7675,0.7617,0.7652,0.7656
PHerc0172,20251211135303-w054,other,7.91,6200,4960,0.7469,0.7461,0.7463,0.7473
PHerc0172,20251211135303-w054,other,7.91,6200,6200,0.9038,0.9032,0.9052,0.9061
PHerc0172,20251211135303-w054,other,7.91,6200,7440,0.8066,0.8058,0.8059,0.8082
PHerc0172,20251211135303-w054,other,7.91,6200,8680,0.6084,0.6088,0.6126,0.6082
PHerc0172,20251211135303-w054,other,7.91,6200,9920,0.5533,0.5613,0.568,0.5641
PHerc0172,20251211135303-w054,other,7.91,7440,0,0.2919,0.3051,0.302,0.2986
PHerc0172,20251211135303-w054,other,7.91,7440,1240,0.5887,0.5952,0.5954,0.594
PHerc0172,20251211135303-w054,other,7.91,7440,2480,0.684,0.6833,0.6882,0.6875
PHerc0172,20251211135303-w054,other,7.91,7440,3720,0.7563,0.7507,0.7546,0.7584
PHerc0172,20251211135303-w054,other,7.91,7440,4960,0.7408,0.7406,0.7401,0.7409
PHerc0172,20251211135303-w054,other,7.91,7440,6200,0.8359,0.8353,0.8372,0.8376
PHerc0172,20251211135303-w054,other,7.91,7440,7440,0.7842,0.784,0.7872,0.7882
PHerc0172,20251211135303-w054,other,7.91,7440,8680,0.6676,0.6675,0.6728,0.6689
PHercParis4,20231031143852,canon,2.4,0,0,0.6794,0.6837,0.6836,0.6842
PHercParis4,20231031143852,canon,2.4,0,4096,0.9054,0.8968,0.8968,0.8968
PHercParis4,20231031143852,canon,2.4,0,8192,0.94,0.9341,0.9342,0.934
PHercParis4,20231031143852,canon,2.4,0,12288,0.9042,0.9051,0.9051,0.9052
PHercParis4,20231031143852,canon,2.4,0,16384,0.887,0.8882,0.8881,0.8882
PHercParis4,20231031143852,canon,2.4,0,20480,0.89,0.8903,0.8903,0.8903
PHercParis4,20231031143852,canon,2.4,0,24576,0.8508,0.8517,0.8516,0.8519
PHercParis4,20231031143852,canon,2.4,0,28672,0.8487,0.8697,0.8696,0.8703
PHercParis4,20231031143852,canon,2.4,0,32768,0.6915,0.6932,0.693,0.6934
PHercParis4,20231031143852,canon,2.4,4096,0,0.7004,0.7026,0.7025,0.7025
PHercParis4,20231031143852,canon,2.4,4096,4096,0.8288,0.822,0.8218,0.8222
PHercParis4,20231031143852,canon,2.4,4096,8192,0.8044,0.7984,0.7984,0.7987
PHercParis4,20231031143852,canon,2.4,4096,12288,0.8224,0.823,0.8231,0.8232
PHercParis4,20231031143852,canon,2.4,4096,16384,0.8609,0.86,0.8601,0.8603
PHercParis4,20231031143852,canon,2.4,4096,20480,0.8377,0.8368,0.8367,0.8369
PHercParis4,20231031143852,canon,2.4,4096,24576,0.8448,0.8459,0.8457,0.8459
PHercParis4,20231031143852,canon,2.4,4096,28672,0.8537,0.8453,0.8452,0.8454
PHercParis4,20231031143852,canon,2.4,4096,32768,0.7648,0.7262,0.7261,0.7262
PHercParis4,20231031143852,canon,2.4,8192,0,0.7502,0.7516,0.7514,0.7514
PHercParis4,20231031143852,canon,2.4,8192,4096,0.8088,0.8107,0.8105,0.8107
PHercParis4,20231031143852,canon,2.4,8192,8192,0.7783,0.7795,0.7794,0.7797
PHercParis4,20231031143852,canon,2.4,8192,12288,0.8288,0.8298,0.8298,0.8299
PHercParis4,20231031143852,canon,2.4,8192,16384,0.8599,0.8586,0.8587,0.8588
PHercParis4,20231031143852,canon,2.4,8192,20480,0.822,0.8202,0.8204,0.8207
PHercParis4,20231031143852,canon,2.4,8192,24576,0.8496,0.8498,0.8498,0.8501
PHercParis4,20231031143852,canon,2.4,8192,28672,0.79,0.7804,0.7804,0.7925
PHercParis4,20231031143852,canon,2.4,8192,32768,0.6295,0.5919,0.5918,0.6161
PHercParis4,20231031143852,canon,2.4,12288,4096,0.8689,0.8701,0.87,0.87
PHercParis4,20231031143852,canon,2.4,12288,8192,0.8668,0.8678,0.8679,0.8678
PHercParis4,20231031143852,canon,2.4,12288,12288,0.8513,0.8524,0.8523,0.8524
PHercParis4,20231031143852,canon,2.4,12288,16384,0.893,0.8936,0.8937,0.8937
PHercParis4,20231031143852,canon,2.4,12288,20480,0.854,0.8547,0.8549,0.855
PHercParis4,20231031143852,canon,2.4,12288,24576,0.8874,0.8884,0.8883,0.8885
PHercParis4,20231031143852,canon,2.4,12288,28672,0.7887,0.7905,0.7902,0.8029
PHercParis4,20231031143852,canon,2.4,12288,32768,0.6626,0.6636,0.6636,0.6789
PHercParis4,20231031143852,canon,2.4,16384,4096,0.873,0.874,0.8739,0.8742
PHercParis4,20231031143852,canon,2.4,16384,8192,0.8592,0.86,0.86,0.8603
PHercParis4,20231031143852,canon,2.4,16384,12288,0.8503,0.8512,0.8512,0.8514
PHercParis4,20231031143852,canon,2.4,16384,16384,0.9107,0.9115,0.9116,0.9115
PHercParis4,20231031143852,canon,2.4,16384,20480,0.8604,0.8619,0.8619,0.8618
PHercParis4,20231031143852,canon,2.4,16384,24576,0.8712,0.8723,0.8721,0.8722
PHercParis4,20231031143852,canon,2.4,16384,28672,0.774,0.7754,0.775,0.7758
PHercParis4,20231031143852,canon,2.4,16384,32768,0.7341,0.7359,0.7358,0.7362
PHercParis4,20231031143852,canon,2.4,20480,4096,0.832,0.8327,0.8327,0.8309
PHercParis4,20231031143852,canon,2.4,20480,8192,0.8657,0.8663,0.8663,0.8671
PHercParis4,20231031143852,canon,2.4,20480,12288,0.9003,0.9011,0.9012,0.8941
PHercParis4,20231031143852,canon,2.4,20480,16384,0.7796,0.7804,0.7803,0.772
PHercParis4,20231031143852,canon,2.4,20480,20480,0.7938,0.7951,0.795,0.7949
PHercParis4,20231031143852,canon,2.4,20480,24576,0.8934,0.9032,0.9031,0.9031
PHercParis4,20231031143852,canon,2.4,20480,28672,0.7509,0.7722,0.7721,0.7724
PHercParis4,20231031143852,canon,2.4,20480,32768,0.8006,0.802,0.8021,0.8025
PHercParis4,20231031143852,canon,2.4,24576,4096,0.875,0.8761,0.876,0.8743
PHercParis4,20231031143852,canon,2.4,24576,8192,0.8855,0.8866,0.8866,0.8871
PHercParis4,20231031143852,canon,2.4,24576,12288,0.9228,0.9146,0.9146,0.9088
PHercParis4,20231031143852,canon,2.4,24576,16384,0.766,0.7585,0.7585,0.7513
PHercParis4,20231031143852,canon,2.4,24576,20480,0.7752,0.7758,0.7757,0.7757
PHercParis4,20231031143852,canon,2.4,24576,24576,0.9225,0.9232,0.9232,0.9232
PHercParis4,20231031143852,canon,2.4,24576,28672,0.8224,0.8245,0.8245,0.8244
PHercParis4,20231031143852,canon,2.4,24576,32768,0.8249,0.8264,0.8265,0.8266
PHercParis4,20231031143852,1um_s1z2,2.258,4352,0,0.7531,0.754,0.754,0.754
PHercParis4,20231031143852,1um_s1z2,2.258,4352,4352,0.7172,0.7172,0.717,0.7171
PHercParis4,20231031143852,1um_s1z2,2.258,4352,8704,0.7578,0.7578,0.5689,0.5688
PHercParis4,20231031143852,1um_s1z2,2.258,4352,13056,0.7572,0.7573,0.7573,0.7574
PHercParis4,20231031143852,1um_s1z2,2.258,4352,17408,0.8965,0.8964,0.8964,0.8965
PHercParis4,20231031143852,1um_s1z2,2.258,4352,21760,0.8782,0.8781,0.8781,0.8783
PHercParis4,20231031143852,1um_s1z2,2.258,4352,26112,0.7925,0.7926,0.7925,0.7927
PHercParis4,20231031143852,1um_s1z2,2.258,4352,30464,0.9058,0.9063,0.9062,0.9065
PHercParis4,20231031143852,1um_s1z2,2.258,4352,34816,0.7776,0.7793,0.7791,0.7796
PHercParis4,20231031143852,1um_s1z2,2.258,8704,0,0.8298,0.8298,0.8297,0.8305
PHercParis4,20231031143852,1um_s1z2,2.258,8704,4352,0.7284,0.7282,0.7281,0.7286
PHercParis4,20231031143852,1um_s1z2,2.258,8704,8704,0.7515,0.7515,0.7523,0.7516
PHercParis4,20231031143852,1um_s1z2,2.258,8704,13056,0.7123,0.7123,0.7123,0.7123
PHercParis4,20231031143852,1um_s1z2,2.258,8704,17408,0.8763,0.8762,0.8763,0.8763
PHercParis4,20231031143852,1um_s1z2,2.258,8704,21760,0.8733,0.8733,0.8734,0.8735
PHercParis4,20231031143852,1um_s1z2,2.258,8704,26112,0.9058,0.9061,0.9061,0.9063
PHercParis4,20231031143852,1um_s1z2,2.258,8704,30464,0.8731,0.8743,0.8743,0.8746
PHercParis4,20231031143852,1um_s1z2,2.258,8704,34816,0.7546,0.7567,0.7566,0.757
PHercParis4,20231031143852,1um_s1z2,2.258,13056,4352,0.9257,0.9257,0.9258,0.9265
PHercParis4,20231031143852,1um_s1z2,2.258,13056,8704,0.8831,0.8833,0.8845,0.8834
PHercParis4,20231031143852,1um_s1z2,2.258,13056,13056,0.8324,0.8323,0.8325,0.8322
PHercParis4,20231031143852,1um_s1z2,2.258,13056,17408,0.8413,0.8527,0.8528,0.8528
PHercParis4,20231031143852,1um_s1z2,2.258,13056,21760,0.8703,0.8799,0.8799,0.88
PHercParis4,20231031143852,1um_s1z2,2.258,13056,26112,0.8972,0.8974,0.8974,0.8975
PHercParis4,20231031143852,1um_s1z2,2.258,13056,30464,0.8622,0.8632,0.8633,0.8633
PHercParis4,20231031143852,1um_s1z2,2.258,13056,34816,0.8261,0.8268,0.8268,0.8265
PHercParis4,20231031143852,1um_s1z2,2.258,17408,8704,0.8416,0.8415,0.8414,0.8383
PHercParis4,20231031143852,1um_s1z2,2.258,17408,13056,0.8621,0.8622,0.8622,0.862
PHercParis4,20231031143852,1um_s1z2,2.258,17408,17408,0.8852,0.8979,0.8979,0.898
PHercParis4,20231031143852,1um_s1z2,2.258,17408,21760,0.889,0.8986,0.8987,0.8988
PHercParis4,20231031143852,1um_s1z2,2.258,17408,26112,0.9022,0.9022,0.9022,0.9024
PHercParis4,20231031143852,1um_s1z2,2.258,17408,30464,0.8502,0.8504,0.8504,0.8508
PHercParis4,20231031143852,1um_s1z2,2.258,17408,34816,0.7915,0.7913,0.7914,0.7915
PHercParis4,20231031143852,1um_s1z2,2.258,21760,8704,0.9045,0.9038,0.9045,0.9015
PHercParis4,20231031143852,1um_s1z2,2.258,21760,13056,0.9147,0.9142,0.9148,0.9143
PHercParis4,20231031143852,1um_s1z2,2.258,21760,17408,0.9267,0.927,0.9269,0.9271
PHercParis4,20231031143852,1um_s1z2,2.258,21760,21760,0.9193,0.9195,0.9197,0.9197
PHercParis4,20231031143852,1um_s1z2,2.258,21760,26112,0.7754,0.7752,0.7755,0.7755
PHercParis4,20231031143852,1um_s1z2,2.258,21760,30464,0.5791,0.5791,0.5791,0.5794
PHercParis4,20231031143852,1um_s1z2,2.258,21760,34816,0.8811,0.881,0.8807,0.8813
PHercParis4,20231031143852,1um_s1z2,2.258,26112,8704,0.9179,0.9173,0.9178,0.9175
PHercParis4,20231031143852,1um_s1z2,2.258,26112,13056,0.8143,0.8139,0.8145,0.814
PHercParis4,20231031143852,1um_s1z2,2.258,26112,17408,0.8046,0.8051,0.8051,0.8053
PHercParis4,20231031143852,1um_s1z2,2.258,26112,21760,0.9241,0.9243,0.9245,0.9244
PHercParis4,20231031143852,1um_s1z2,2.258,26112,26112,0.7614,0.7613,0.7615,0.7614
PHercParis4,20231031143852,1um_s1z2,2.258,26112,30464,0.589,0.5893,0.5894,0.5894
PHercParis4,20231031143852,1um_s1z2,2.258,26112,34816,0.9041,0.9044,0.9044,0.9044
PHerc0139,20250108000000-w025,canon,2.399,0,0,0.6802,0.681,0.6809,0.6815
PHerc0139,20250108000000-w025,canon,2.399,0,4096,0.8189,0.8195,0.8194,0.8198
PHerc0139,20250108000000-w025,canon,2.399,0,8192,0.3032,0.3033,0.3273,0.3031
PHerc0139,20250108000000-w025,canon,2.399,0,12288,0.1526,0.1527,0.1725,0.1525
PHerc0139,20250108000000-w025,canon,2.399,0,16384,0.8472,0.8477,0.8476,0.8477
PHerc0139,20250108000000-w025,canon,2.399,4096,0,0.2932,0.2942,0.2941,0.2943
PHerc0139,20250108000000-w025,canon,2.399,4096,4096,0.6835,0.6846,0.6845,0.6844
PHerc0139,20250108000000-w025,canon,2.399,4096,8192,0.7865,0.7871,0.7869,0.787
PHerc0139,20250108000000-w025,canon,2.399,4096,12288,0.5456,0.5461,0.546,0.5459
PHerc0139,20250108000000-w025,canon,2.399,4096,16384,0.6519,0.6526,0.6527,0.6525
PHerc0139,20250108000000-w025,canon,2.399,8192,0,0.091,0.0915,0.0912,0.0916
PHerc0139,20250108000000-w025,canon,2.399,8192,4096,0.2293,0.2301,0.2303,0.23
PHerc0139,20250108000000-w025,canon,2.399,8192,8192,0.6124,0.6133,0.6132,0.6137
PHerc0139,20250108000000-w025,canon,2.399,8192,12288,0.7101,0.7107,0.7108,0.711
PHerc0139,20250108000000-w025,canon,2.399,8192,16384,0.5985,0.5986,0.5989,0.5987
PHerc0139,20250108000000-w025,canon,2.399,12288,0,0.3088,0.3101,0.3102,0.3097
PHerc0139,20250108000000-w025,canon,2.399,12288,4096,0.3399,0.341,0.3413,0.3409
PHerc0139,20250108000000-w025,canon,2.399,12288,8192,0.2576,0.2576,0.2578,0.258
PHerc0139,20250108000000-w025,canon,2.399,12288,12288,0.2667,0.2665,0.2666,0.2667
PHerc0139,20250108000000-w025,canon,2.399,12288,16384,0.3922,0.3921,0.3922,0.3921
PHerc0139,20250108000000-w025,canon,2.399,16384,0,0.5832,0.5844,0.5844,0.5843
PHerc0139,20250108000000-w025,canon,2.399,16384,4096,0.674,0.6749,0.6749,0.675
PHerc0139,20250108000000-w025,canon,2.399,16384,8192,0.2959,0.296,0.296,0.296
PHerc0139,20250108000000-w025,canon,2.399,16384,12288,0.1658,0.1657,0.1657,0.1658
PHerc0139,20250108000000-w025,canon,2.399,16384,16384,0.3575,0.3575,0.3575,0.3576
PHerc1667,20240304161941-w023,canon,2.399,0,12288,0.7322,0.7494,0.7493,0.7331
PHerc1667,20240304161941-w023,canon,2.399,0,16384,0.7682,0.7687,0.7687,0.7687
PHerc1667,20240304161941-w023,canon,2.399,0,20480,0.6581,0.6583,0.6584,0.6587
PHerc1667,20240304161941-w023,canon,2.399,0,32768,0.6899,0.6902,0.6902,0.6992
PHerc1667,20240304161941-w023,canon,2.399,0,36864,0.6398,0.64,0.6401,0.6402
PHerc1667,20240304161941-w023,canon,2.399,0,40960,0.743,0.7551,0.7552,0.7553
PHerc1667,20240304161941-w023,canon,2.399,0,45056,0.7965,0.8104,0.8104,0.8105
PHerc1667,20240304161941-w023,canon,2.399,0,57344,0.8105,0.8104,0.8103,0.8105
PHerc1667,20240304161941-w023,canon,2.399,0,61440,0.883,0.8829,0.8829,0.883
PHerc1667,20240304161941-w023,canon,2.399,0,65536,0.8326,0.8327,0.8328,0.8327
PHerc1667,20240304161941-w023,canon,2.399,0,77824,0.7876,0.7795,0.7795,0.7795
PHerc1667,20240304161941-w023,canon,2.399,0,81920,0.7442,0.7447,0.7446,0.7449
PHerc1667,20240304161941-w023,canon,2.399,0,86016,0.7311,0.7315,0.7313,0.7318
PHerc1667,20240304161941-w023,canon,2.399,4096,0,0.7565,0.7567,0.7568,0.7573
PHerc1667,20240304161941-w023,canon,2.399,4096,4096,0.8266,0.8268,0.8361,0.8438
PHerc1667,20240304161941-w023,canon,2.399,4096,8192,0.8376,0.8377,0.8462,0.8531
PHerc1667,20240304161941-w023,canon,2.399,4096,12288,0.7654,0.7656,0.7658,0.7655
PHerc1667,20240304161941-w023,canon,2.399,4096,16384,0.7465,0.7466,0.7467,0.7467
PHerc1667,20240304161941-w023,canon,2.399,4096,20480,0.6287,0.6286,0.6288,0.6292
PHerc1667,20240304161941-w023,canon,2.399,4096,24576,0.5436,0.5438,0.5366,0.5367
PHerc1667,20240304161941-w023,canon,2.399,4096,28672,0.7506,0.7508,0.7455,0.7456
PHerc1667,20240304161941-w023,canon,2.399,4096,32768,0.722,0.722,0.7219,0.7223
PHerc1667,20240304161941-w023,canon,2.399,4096,36864,0.7574,0.7578,0.7579,0.758
PHerc1667,20240304161941-w023,canon,2.399,4096,40960,0.8039,0.8125,0.8126,0.8127
PHerc1667,20240304161941-w023,canon,2.399,4096,45056,0.8186,0.8287,0.8286,0.8288
PHerc1667,20240304161941-w023,canon,2.399,4096,49152,0.782,0.7821,0.7781,0.7823
PHerc1667,20240304161941-w023,canon,2.399,4096,53248,0.5219,0.5226,0.5223,0.523
PHerc1667,20240304161941-w023,canon,2.399,4096,57344,0.7839,0.7841,0.7841,0.7842
PHerc1667,20240304161941-w023,canon,2.399,4096,61440,0.8659,0.866,0.866,0.866
PHerc1667,20240304161941-w023,canon,2.399,4096,65536,0.8497,0.8497,0.8498,0.8498
PHerc1667,20240304161941-w023,canon,2.399,4096,69632,0.8007,0.8008,0.8009,0.8005
PHerc1667,20240304161941-w023,canon,2.399,4096,73728,0.7533,0.7478,0.7477,0.7473
PHerc1667,20240304161941-w023,canon,2.399,4096,77824,0.775,0.7688,0.7688,0.7688
PHerc1667,20240304161941-w023,canon,2.399,4096,81920,0.6692,0.6697,0.6697,0.6777
PHerc1667,20240304161941-w023,canon,2.399,4096,86016,0.7032,0.7037,0.7035,0.7096
PHerc1667,20240304161941-w023,canon,2.399,4096,90112,0.8652,0.8654,0.8653,0.8654
PHerc1667,20240304161941-w023,canon,2.399,8192,0,0.7466,0.7467,0.7466,0.7471
PHerc1667,20240304161941-w023,canon,2.399,8192,4096,0.5464,0.5451,0.5546,0.5545
PHerc1667,20240304161941-w023,canon,2.399,8192,8192,0.6089,0.6087,0.6158,0.6157
PHerc1667,20240304161941-w023,canon,2.399,8192,12288,0.838,0.8389,0.8383,0.8382
PHerc1667,20240304161941-w023,canon,2.399,8192,16384,0.8436,0.8438,0.8437,0.8438
PHerc1667,20240304161941-w023,canon,2.399,8192,20480,0.7849,0.7779,0.7825,0.7889
PHerc1667,20240304161941-w023,canon,2.399,8192,24576,0.739,0.7283,0.7305,0.7421
PHerc1667,20240304161941-w023,canon,2.399,8192,28672,0.8177,0.8107,0.8064,0.8064
PHerc1667,20240304161941-w023,canon,2.399,8192,32768,0.8322,0.8251,0.8249,0.8254
PHerc1667,20240304161941-w023,canon,2.399,8192,36864,0.8372,0.8374,0.8372,0.8377
PHerc1667,20240304161941-w023,canon,2.399,8192,40960,0.8013,0.8016,0.8015,0.8015
PHerc1667,20240304161941-w023,canon,2.399,8192,45056,0.7884,0.7889,0.789,0.7891
PHerc1667,20240304161941-w023,canon,2.399,8192,49152,0.7842,0.7852,0.7852,0.7855
PHerc1667,20240304161941-w023,canon,2.399,8192,53248,0.5467,0.5474,0.5472,0.5476
PHerc1667,20240304161941-w023,canon,2.399,8192,57344,0.7542,0.755,0.755,0.7552
PHerc1667,20240304161941-w023,canon,2.399,8192,61440,0.8694,0.8674,0.8674,0.8682
PHerc1667,20240304161941-w023,canon,2.399,8192,65536,0.8517,0.8492,0.8491,0.8502
PHerc1667,20240304161941-w023,canon,2.399,8192,69632,0.744,0.7447,0.7447,0.7444
PHerc1667,20240304161941-w023,canon,2.399,8192,73728,0.7314,0.7318,0.7318,0.7314
PHerc1667,20240304161941-w023,canon,2.399,8192,77824,0.8033,0.8035,0.8036,0.8037
PHerc1667,20240304161941-w023,canon,2.399,8192,81920,0.6223,0.6234,0.6233,0.6344
PHerc1667,20240304161941-w023,canon,2.399,8192,86016,0.6582,0.6592,0.6592,0.6666
PHerc1667,20240304161941-w023,canon,2.399,8192,90112,0.8353,0.8355,0.8355,0.8355
PHerc1667,20240304161941-w023,canon,2.399,12288,0,0.8424,0.8423,0.8423,0.8423
PHerc1667,20240304161941-w023,canon,2.399,12288,4096,0.415,0.4149,0.415,0.4224
PHerc1667,20240304161941-w023,canon,2.399,12288,8192,0.4637,0.4645,0.4638,0.4637
PHerc1667,20240304161941-w023,canon,2.399,12288,12288,0.8829,0.8839,0.883,0.8831
PHerc1667,20240304161941-w023,canon,2.399,12288,16384,0.9206,0.9207,0.9206,0.9207
PHerc1667,20240304161941-w023,canon,2.399,12288,20480,0.8431,0.836,0.8406,0.8471
PHerc1667,20240304161941-w023,canon,2.399,12288,24576,0.7667,0.7576,0.7638,0.7733
PHerc1667,20240304161941-w023,canon,2.399,12288,28672,0.8502,0.8447,0.8447,0.8447
PHerc1667,20240304161941-w023,canon,2.399,12288,32768,0.8647,0.8581,0.858,0.8583
PHerc1667,20240304161941-w023,canon,2.399,12288,36864,0.8382,0.838,0.8379,0.8383
PHerc1667,20240304161941-w023,canon,2.399,12288,40960,0.8318,0.8263,0.8326,0.8263
PHerc1667,20240304161941-w023,canon,2.399,12288,45056,0.8099,0.802,0.8103,0.8022
PHerc1667,20240304161941-w023,canon,2.399,12288,49152,0.67,0.6703,0.6704,0.6706
PHerc1667,20240304161941-w023,canon,2.399,12288,53248,0.4846,0.4859,0.4857,0.4858
PHerc1667,20240304161941-w023,canon,2.399,12288,57344,0.8337,0.8341,0.834,0.8341
PHerc1667,20240304161941-w023,canon,2.399,12288,61440,0.9121,0.9051,0.9051,0.9059
PHerc1667,20240304161941-w023,canon,2.399,12288,65536,0.9536,0.9459,0.9459,0.9466
PHerc1667,20240304161941-w023,canon,2.399,12288,69632,0.9695,0.9695,0.9695,0.9694
PHerc1667,20240304161941-w023,canon,2.399,12288,73728,0.8861,0.8862,0.8863,0.8976
PHerc1667,20240304161941-w023,canon,2.399,12288,77824,0.8649,0.8646,0.8647,0.865
PHerc1667,20240304161941-w023,canon,2.399,12288,81920,0.7828,0.7831,0.783,0.7832
PHerc1667,20240304161941-w023,canon,2.399,12288,86016,0.8274,0.8281,0.8282,0.8282
PHerc1667,20240304161941-w023,canon,2.399,12288,90112,0.92,0.9202,0.9203,0.9203
PHerc1667,20240304161941-w023,canon,2.399,16384,0,0.8815,0.8816,0.8827,0.8816
PHerc1667,20240304161941-w023,canon,2.399,16384,4096,0.6796,0.6807,0.6807,0.6873
PHerc1667,20240304161941-w023,canon,2.399,16384,8192,0.6208,0.6214,0.6214,0.6214
PHerc1667,20240304161941-w023,canon,2.399,16384,12288,0.9002,0.9004,0.9004,0.9003
PHerc1667,20240304161941-w023,canon,2.399,16384,16384,0.5753,0.5754,0.5754,0.5753
PHerc1667,20240304161941-w023,canon,2.399,16384,20480,0.4537,0.454,0.4541,0.454
PHerc1667,20240304161941-w023,canon,2.399,16384,24576,0.3389,0.3392,0.3392,0.3391
PHerc1667,20240304161941-w023,canon,2.399,16384,28672,0.3475,0.3474,0.3473,0.3473
PHerc1667,20240304161941-w023,canon,2.399,16384,32768,0.7578,0.7577,0.7576,0.7529
PHerc1667,20240304161941-w023,canon,2.399,16384,36864,0.8776,0.8776,0.8777,0.8712
PHerc1667,20240304161941-w023,canon,2.399,16384,40960,0.8868,0.8828,0.8871,0.8829
PHerc1667,20240304161941-w023,canon,2.399,16384,45056,0.8511,0.8456,0.8514,0.8455
PHerc1667,20240304161941-w023,canon,2.399,16384,49152,0.7395,0.7163,0.7165,0.7159
PHerc1667,20240304161941-w023,canon,2.399,16384,53248,0.5933,0.571,0.571,0.5708
PHerc1667,20240304161941-w023,canon,2.399,16384,57344,0.8517,0.8521,0.852,0.8521
PHerc1667,20240304161941-w023,canon,2.399,16384,61440,0.8806,0.8807,0.8807,0.8808
PHerc1667,20240304161941-w023,canon,2.399,16384,65536,0.9218,0.9217,0.9217,0.9216
PHerc1667,20240304161941-w023,canon,2.399,16384,69632,0.934,0.9339,0.934,0.934
PHerc1667,20240304161941-w023,canon,2.399,16384,73728,0.8363,0.8364,0.8366,0.8521
PHerc1667,20240304161941-w023,canon,2.399,16384,77824,0.8389,0.8387,0.8389,0.8391
PHerc1667,20240304161941-w023,canon,2.399,16384,81920,0.7588,0.7587,0.7587,0.759
PHerc1667,20240304161941-w023,canon,2.399,16384,86016,0.8599,0.8601,0.8602,0.8605
PHerc1667,20240304161941-w023,canon,2.399,16384,90112,0.9401,0.9403,0.9404,0.9404
PHerc1667,20240304161941-w023,canon,2.399,20480,0,0.701,0.7012,0.702,0.7012
PHerc1667,20240304161941-w023,canon,2.399,20480,4096,0.4919,0.4923,0.4922,0.4923
PHerc1667,20240304161941-w023,canon,2.399,20480,8192,0.6167,0.617,0.6169,0.617
PHerc1667,20240304161941-w023,canon,2.399,20480,12288,0.9207,0.9209,0.9209,0.9208
PHerc1667,20240304161941-w023,canon,2.399,20480,16384,0.5316,0.5321,0.532,0.5319
PHerc1667,20240304161941-w023,canon,2.399,20480,20480,0.4669,0.4671,0.4671,0.4708
PHerc1667,20240304161941-w023,canon,2.399,20480,24576,0.407,0.4072,0.4071,0.4108
PHerc1667,20240304161941-w023,canon,2.399,20480,28672,0.3292,0.3294,0.3295,0.3294
PHerc1667,20240304161941-w023,canon,2.399,20480,32768,0.7087,0.7089,0.7089,0.7078
PHerc1667,20240304161941-w023,canon,2.399,20480,36864,0.8387,0.8388,0.839,0.8374
PHerc1667,20240304161941-w023,canon,2.399,20480,40960,0.8357,0.8355,0.8356,0.8356
PHerc1667,20240304161941-w023,canon,2.399,20480,45056,0.8153,0.8153,0.8153,0.8153
PHerc1667,20240304161941-w023,canon,2.399,20480,49152,0.7254,0.7255,0.7256,0.7257
PHerc1667,20240304161941-w023,canon,2.399,20480,53248,0.604,0.6045,0.6047,0.5844
PHerc1667,20240304161941-w023,canon,2.399,20480,57344,0.784,0.7845,0.7846,0.7733
PHerc1667,20240304161941-w023,canon,2.399,20480,61440,0.7937,0.7941,0.7942,0.7941
PHerc1667,20240304161941-w023,canon,2.399,20480,65536,0.767,0.767,0.7671,0.767
PHerc1667,20240304161941-w023,canon,2.399,20480,69632,0.6425,0.6566,0.6566,0.6424
PHerc1667,20240304161941-w023,canon,2.399,20480,73728,0.607,0.6072,0.6073,0.6074
PHerc1667,20240304161941-w023,canon,2.399,20480,77824,0.7775,0.7781,0.7782,0.7782
PHerc1667,20240304161941-w023,canon,2.399,20480,81920,0.6887,0.6894,0.6893,0.6896
PHerc1667,20240304161941-w023,canon,2.399,20480,86016,0.832,0.8319,0.8319,0.8322
PHerc1667,20240304161941-w023,canon,2.399,20480,90112,0.9346,0.9347,0.9348,0.9348
PHerc1667,20240304161941-w023,canon,2.399,24576,0,0.6657,0.6666,0.6665,0.6668
PHerc1667,20240304161941-w023,canon,2.399,24576,4096,0.5827,0.5836,0.5835,0.5837
PHerc1667,20240304161941-w023,canon,2.399,24576,8192,0.8273,0.8319,0.8319,0.8319
PHerc1667,20240304161941-w023,canon,2.399,24576,12288,0.7308,0.7212,0.7214,0.7209
PHerc1667,20240304161941-w023,canon,2.399,24576,16384,0.7764,0.7697,0.7698,0.7694
PHerc1667,20240304161941-w023,canon,2.399,24576,20480,0.6483,0.6478,0.6478,0.653
PHerc1667,20240304161941-w023,canon,2.399,24576,24576,0.5852,0.5923,0.5922,0.5986
PHerc1667,20240304161941-w023,canon,2.399,24576,28672,0.7175,0.7265,0.7265,0.7319
PHerc1667,20240304161941-w023,canon,2.399,24576,32768,0.7476,0.7472,0.7474,0.7557
PHerc1667,20240304161941-w023,canon,2.399,24576,36864,0.7392,0.7389,0.739,0.7508
PHerc1667,20240304161941-w023,canon,2.399,24576,40960,0.7095,0.7093,0.7094,0.7092
PHerc1667,20240304161941-w023,canon,2.399,24576,45056,0.6381,0.6383,0.6383,0.6384
PHerc1667,20240304161941-w023,canon,2.399,24576,49152,0.464,0.4646,0.4646,0.4656
PHerc1667,20240304161941-w023,canon,2.399,24576,53248,0.4612,0.461,0.4612,0.4441
PHerc1667,20240304161941-w023,canon,2.399,24576,57344,0.6894,0.6905,0.6907,0.6763
PHerc1667,20240304161941-w023,canon,2.399,24576,61440,0.741,0.7415,0.7337,0.7338
PHerc1667,20240304161941-w023,canon,2.399,24576,65536,0.7857,0.7855,0.7789,0.779
PHerc1667,20240304161941-w023,canon,2.399,24576,69632,0.726,0.7493,0.7494,0.7395
PHerc1667,20240304161941-w023,canon,2.399,24576,73728,0.6809,0.6965,0.6965,0.6967
PHerc1667,20240304161941-w023,canon,2.399,24576,77824,0.7575,0.7582,0.758,0.7581
PHerc1667,20240304161941-w023,canon,2.399,24576,81920,0.6265,0.6274,0.6271,0.6274
PHerc1667,20240304161941-w023,canon,2.399,24576,86016,0.8161,0.8163,0.8163,0.8163
PHerc1667,20240304161941-w023,canon,2.399,24576,90112,0.8993,0.8991,0.8991,0.9059
PHerc1667,20240304161941-w023,canon,2.399,28672,4096,0.8586,0.8588,0.8588,0.8589
PHerc1667,20240304161941-w023,canon,2.399,28672,8192,0.7759,0.7803,0.7803,0.7804
PHerc1667,20240304161941-w023,canon,2.399,28672,12288,0.7401,0.7324,0.7323,0.7324
PHerc1667,20240304161941-w023,canon,2.399,28672,16384,0.7313,0.7269,0.727,0.7267
PHerc1667,20240304161941-w023,canon,2.399,28672,20480,0.4005,0.4005,0.4006,0.4005
PHerc1667,20240304161941-w023,canon,2.399,28672,24576,0.3632,0.3678,0.3678,0.3678
PHerc1667,20240304161941-w023,canon,2.399,28672,28672,0.7621,0.77,0.77,0.7746
PHerc1667,20240304161941-w023,canon,2.399,28672,32768,0.7214,0.722,0.7222,0.7273
PHerc1667,20240304161941-w023,canon,2.399,28672,36864,0.39,0.3901,0.3901,0.3961
PHerc1667,20240304161941-w023,canon,2.399,28672,40960,0.3783,0.3781,0.3782,0.3781
PHerc1667,20240304161941-w023,canon,2.399,28672,45056,0.6908,0.6914,0.6913,0.6918
PHerc1667,20240304161941-w023,canon,2.399,28672,49152,0.5459,0.546,0.5459,0.5466
PHerc1667,20240304161941-w023,canon,2.399,28672,53248,0.4943,0.4942,0.4942,0.4947
PHerc1667,20240304161941-w023,canon,2.399,28672,57344,0.6885,0.6881,0.6881,0.6884
PHerc1667,20240304161941-w023,canon,2.399,28672,61440,0.7237,0.7235,0.7153,0.7028
PHerc1667,20240304161941-w023,canon,2.399,28672,65536,0.7072,0.7076,0.6991,0.6865
PHerc1667,20240304161941-w023,canon,2.399,28672,69632,0.7246,0.7252,0.7253,0.7259
PHerc1667,20240304161941-w023,canon,2.399,28672,73728,0.6999,0.6999,0.7,0.7006
PHerc1667,20240304161941-w023,canon,2.399,28672,77824,0.6687,0.6695,0.6692,0.6692
PHerc1667,20240304161941-w023,canon,2.399,28672,81920,0.5388,0.5402,0.54,0.5402
PHerc1667,20240304161941-w023,canon,2.399,28672,86016,0.7353,0.7361,0.7361,0.7366
PHerc1667,20240304161941-w023,canon,2.399,28672,90112,0.7685,0.7688,0.7687,0.7784
PHerc1667,20240304161941-w023,canon,2.399,32768,4096,0.8603,0.8606,0.8606,0.8607
PHerc1667,20240304161941-w023,canon,2.399,32768,20480,0.2468,0.2507,0.2507,0.2507
PHerc1667,20240304161941-w023,canon,2.399,32768,24576,0.2865,0.2866,0.2866,0.2867
PHerc1667,20240304161941-w023,canon,2.399,32768,28672,0.7746,0.7753,0.7754,0.7824
PHerc1667,20240304161941-w023,canon,2.399,32768,40960,0.2883,0.2882,0.2883,0.2883
PHerc1667,20240304161941-w023,canon,2.399,32768,45056,0.6311,0.6319,0.6318,0.632
PHerc1667,20240304161941-w023,canon,2.399,32768,49152,0.5686,0.5698,0.5698,0.5699
PHerc1667,20240304161941-w023,canon,2.399,32768,61440,0.4601,0.4602,0.4608,0.4361
PHerc1667,20240304161941-w023,canon,2.399,32768,65536,0.3569,0.3575,0.3576,0.3371
PHerc1667,20240304161941-w023,canon,2.399,32768,69632,0.3749,0.3743,0.3741,0.3739
PHerc1667,20240304161941-w023,canon,2.399,32768,73728,0.4389,0.4379,0.4377,0.4377
PHerc1667,20240304161941-w023,canon,2.399,32768,81920,0.4331,0.4338,0.4338,0.4339
PHerc1667,20240304161941-w023,canon,2.399,32768,86016,0.5348,0.5354,0.5353,0.5363
PHerc1667,20240304161941-w023,canon,2.399,32768,90112,0.5753,0.576,0.5759,0.5766
