scroll,segment,recipe,windows,n_text,pct_text,mean_score,max_score,best_y0,best_x0
PHerc0814,20260226000000-46527_2um_try2,canon,1,1,1.0,0.9092,0.9092,0,0
PHercParis4,20231210121321,1um_s1z2,26,12,0.4615,0.8359,0.9699,43520,21760
PHercParis4,20231221180251,1um_s1z2,48,18,0.375,0.8219,0.9279,0,13056
PHercParis4,20231022170901,canon,108,40,0.3704,0.806,0.9522,0,4096
PHercParis4,20260623142658-w028-037,1um_s1z2,246,87,0.3537,0.8064,0.9694,34816,104448
PHerc1667,20240304144031-w018_20240304144031_flatboi,canon,194,65,0.3351,0.7758,0.9666,20480,8192
PHercParis4,20231012184424,1um_s1z2,82,27,0.3293,0.7876,0.9534,43520,26112
PHercParis4,20231012184424,canon,180,54,0.3,0.7835,0.9824,4096,57344
PHercParis4,20230702185753,1um_s1z2,42,12,0.2857,0.7989,0.9719,30464,8704
PHercParis4,20231007101619,1um_s1z2,95,26,0.2737,0.7672,0.9685,26112,13056
PHercParis4,20260623143441-w038-045,1um_s1z2,149,40,0.2685,0.7893,0.9841,39168,39168
PHercParis4,20260623142658-w028-037,canon,419,110,0.2625,0.766,0.9704,28672,102400
PHercParis4,20260623143441-w038-045,canon,417,107,0.2566,0.7842,0.9684,4096,106496
PHercParis4,20230702185753,canon,76,19,0.25,0.7652,0.9367,28672,8192
PHercParis4,20231031143852,1um_s1z2,47,11,0.234,0.8323,0.9267,21760,17408
PHercParis4,20231106155351,1um_s1z2,60,13,0.2167,0.7679,0.9766,26112,21760
PHercParis4,20231007101619,canon,252,53,0.2103,0.751,0.9534,20480,12288
PHercParis4,20231005123336,canon,141,29,0.2057,0.7535,0.967,12288,16384
PHercParis4,20260701183125-w028-037,canon,644,130,0.2019,0.761,0.9662,8192,73728
PHercParis4,20231106155351,canon,73,14,0.1918,0.7328,0.9496,12288,28672
PHercParis4,20231210121321,canon,79,15,0.1899,0.7408,0.9432,24576,20480
PHercParis4,20231016151002,canon,63,11,0.1746,0.6541,0.9435,4096,20480
PHercParis4,20231221180251,canon,54,9,0.1667,0.7739,0.9353,0,20480
PHercParis4,20260623141924-w010-027,1um_s1z2,240,36,0.15,0.49,0.9551,34816,0
PHercParis4,20260701183126-w038-045,canon,679,100,0.1473,0.7379,0.9703,45056,36864
PHerc0139,20260115000000-w044_2026011522,canon,24,3,0.125,0.7836,0.9382,12288,8192
PHercParis4,20231031143852,canon,59,7,0.1186,0.8279,0.94,0,8192
PHerc1667,20240304141531-w013_20240304141531_flatboi,canon,162,18,0.1111,0.5973,0.9906,16384,8192
PHercParis4,20260603222816-20231005123336_v2_flatboi,canon,110,12,0.1091,0.8261,0.9398,0,40960
PHercParis4,20260602230115-20230702185753_v14,canon,90,9,0.1,0.6946,0.9502,12288,0
PHerc0172,20251114202035-w081_20251114202035261_flatboi,other,104,10,0.0962,0.7334,0.9219,1240,4960
PHercParis4,20230929220926,canon,94,9,0.0957,0.7138,0.9559,8192,61440
PHercParis4,20260623141924-w010-027,canon,360,34,0.0944,0.5518,0.9401,32768,57344
PHercParis4,20260701183124-w010-027,canon,639,58,0.0908,0.5383,0.9612,0,65536
PHercParis4,20260603193311-5753_-1_copy,canon,23,2,0.087,0.3927,0.907,4096,8192
PHercParis4,20260603005223-5753_-1,canon,28,2,0.0714,0.3583,0.9151,8192,4096
PHercParis4,20260623170305-w122-123,1um_s1z2,45,3,0.0667,0.7518,0.9212,17408,34816
PHercParis4,20260701183143-w110-112,canon,583,36,0.0617,0.7046,0.9634,24576,135168
PHercParis4,20260623145652-w059-063,canon,380,23,0.0605,0.6741,0.9458,12288,114688
PHerc1667,20240304161941-w023_20240304161941_flatboi,canon,187,11,0.0588,0.7116,0.9695,12288,69632
PHercParis4,20260623163339-w110-112,canon,370,20,0.0541,0.7473,0.9419,8192,135168
PHercParis4,20260623150417-w064-068,canon,464,24,0.0517,0.7224,0.9398,4096,53248
PHercParis4,20260623164141-w113-115,canon,370,19,0.0514,0.726,0.9297,16384,139264
PHercParis4,20260623141649-w053-058_jordi,canon,415,21,0.0506,0.7103,0.9407,36864,114688
PHercParis4,20260701183128-w053-058,canon,668,31,0.0464,0.7371,0.9374,40960,77824
PHercParis4,20260623144957-w053-058,canon,415,19,0.0458,0.7011,0.9378,28672,40960
PHerc1667,20260110010000-w033_2026011001_flatboi,canon,22,1,0.0455,0.7585,0.9155,8192,0
PHerc0172,20250926114310-w080_20250926114310705_flatboi,other,114,5,0.0439,0.7254,0.9236,8680,0
PHerc0139,20260112000000-w043_2026011217,canon,24,1,0.0417,0.6763,0.9022,0,0
PHercParis4,20260623144224-w046-052,canon,433,18,0.0416,0.6807,0.9369,8192,90112
PHerc0172,20251107110950-w064_20251107110950052_flatboi,other,198,8,0.0404,0.7063,0.9554,4960,2480
PHercParis4,20260623165230-w118-119,1um_s1z2,50,2,0.04,0.7478,0.9287,17408,34816
PHercParis4,20260701183137-w092-094,canon,585,23,0.0393,0.7136,0.9368,8192,65536
PHercParis4,20260701183129-w059-063,canon,661,26,0.0393,0.6705,0.9608,8192,114688
PHerc0172,20251110135146-w085_20251110135146457_flatboi,other,102,4,0.0392,0.7064,0.9297,7440,6200
PHercParis4,20260623141135-w046-052_jordi,canon,428,16,0.0374,0.6817,0.9373,4096,40960
PHercParis4,20260623141649-w053-058_jordi,1um_s1z2,139,5,0.036,0.7268,0.9229,21760,43520
PHerc0139,20260206000001-w047_2026020613,canon,28,1,0.0357,0.7533,0.9014,8192,12288
PHercParis4,20260623155240-w092-094,canon,394,14,0.0355,0.7219,0.9414,8192,40960
PHercParis4,20260623170305-w122-123,canon,226,8,0.0354,0.6707,0.9398,20480,98304
PHercParis4,20260623164141-w113-115,1um_s1z2,87,3,0.0345,0.6866,0.9267,21760,152320
PHerc0139,20260203000000-w032_2026020303,canon,29,1,0.0345,0.4589,0.9061,4096,20480
PHerc0172,20250926153406-w088_20250926153406704_flatboi,other,118,4,0.0339,0.6624,0.9362,11160,9920
PHerc0172,20250926112011-w078_20250926112011918_flatboi,other,152,5,0.0329,0.6989,0.912,8680,6200
PHercParis4,20260623141135-w046-052_jordi,1um_s1z2,153,5,0.0327,0.7268,0.9274,34816,69632
PHerc1667,20240304144031-w018_20240304144031_flatboi,1um_s1z2,96,3,0.0312,0.6758,0.9301,26112,13056
PHerc0172,20251112000002-w087_20251112000002214_flatboi,other,100,3,0.03,0.7551,0.9405,8680,4960
PHercParis4,20260623145652-w059-063,1um_s1z2,134,4,0.0299,0.6258,0.9254,17408,126208
PHercParis4,20260623152443-w077-080,canon,446,13,0.0291,0.7264,0.927,20480,32768
PHercParis4,20260701183144-w113-115,canon,602,17,0.0282,0.6909,0.9337,16384,147456
PHercParis4,20260604223808-20231210121321_v8,canon,143,4,0.028,0.747,0.9173,32768,24576
PHercParis4,20260701183134-w081-084,canon,722,20,0.0277,0.7067,0.933,8192,81920
PHercParis4,20260701183136-w089-091,canon,563,15,0.0266,0.7197,0.9162,16384,65536
PHercParis4,20260701183140-w101-103,canon,602,16,0.0266,0.6505,0.9268,12288,143360
PHercParis4,20260701183130-w064-068,canon,723,19,0.0263,0.7025,0.9267,36864,57344
PHercParis4,20260701183132-w073-076,canon,626,16,0.0256,0.7387,0.9369,8192,102400
PHercParis4,20260623162614-w107-109,canon,367,9,0.0245,0.719,0.9148,28672,151552
PHerc0172,20251110110112-w066_20251110110112608_flatboi,other,210,5,0.0238,0.7181,0.9346,2480,6200
PHercParis4,20260623154617-w089-091,canon,386,9,0.0233,0.7184,0.9424,4096,61440
PHercParis4,20260701183127-w046-052,canon,733,17,0.0232,0.6743,0.9525,8192,98304
PHercParis4,20260701183131-w069-072,canon,581,13,0.0224,0.7085,0.9453,8192,131072
PHercParis4,20260623165742-w120-121,1um_s1z2,45,1,0.0222,0.6675,0.9068,39168,30464
PHercParis4,20260623151041-w069-072,canon,362,8,0.0221,0.7041,0.9246,8192,147456
PHercParis4,20260623171929-w128-129,canon,233,5,0.0215,0.4977,1.0,57344,69632
PHercParis4,20260701183135-w085-088,canon,748,16,0.0214,0.7266,0.9354,12288,118784
PHercParis4,20260604223808-20231210121321_v8,1um_s1z2,47,1,0.0213,0.7306,0.9232,34816,26112
PHercParis4,20260701183141-w104-106,canon,564,12,0.0213,0.6613,0.9578,16384,12288
PHercParis4,20260623151729-w073-076,canon,379,8,0.0211,0.7522,0.9248,16384,24576
PHercParis4,20260623164704-w116-117,canon,250,5,0.02,0.6705,0.9198,40960,36864
PHercParis4,20260623144224-w046-052,1um_s1z2,157,3,0.0191,0.7276,0.94,39168,191488
PHercParis4,20260623160554-w098-100,canon,384,7,0.0182,0.7211,0.9325,12288,8192
PHerc0172,20251203230500-w089_20251203230500465_flatboi,other,110,2,0.0182,0.7075,0.9444,2480,8680
PHercParis4,20260623153216-w081-084,canon,471,8,0.017,0.7274,0.9382,0,86016
PHerc0172,20251110135803-w067_20251110135803677_flatboi,other,180,3,0.0167,0.6963,0.9286,8680,11160
PHercParis4,20260701183151-w128-129,canon,381,6,0.0157,0.4616,1.0,57344,36864
PHerc0172,20251111010954-w068_20251111010954408_flatboi,other,198,3,0.0152,0.7005,0.9103,3720,9920
PHerc0172,20251113204233-w075_20251113204233755_flatboi,other,198,3,0.0152,0.6908,0.9159,6200,1240
PHercParis4,20260623144957-w053-058,1um_s1z2,142,2,0.0141,0.7029,0.9233,17408,78336
PHercParis4,20260701183142-w107-109,canon,574,8,0.0139,0.6879,0.9274,24576,86016
PHercParis4,20260623165230-w118-119,canon,224,3,0.0134,0.714,0.9217,12288,106496
PHercParis4,20260623165742-w120-121,canon,224,3,0.0134,0.6842,0.9366,8192,81920
PHercParis4,20260701183148-w122-123,canon,398,5,0.0126,0.6171,0.9529,45056,4096
PHercParis4,20260701183139-w098-100,canon,581,6,0.0103,0.7076,0.9216,45056,94208
PHerc0172,20251109232817-w065_20251109232817724_flatboi,other,194,2,0.0103,0.698,0.9143,9920,9920
PHercParis4,20260701183133-w077-080,canon,686,7,0.0102,0.7078,0.9337,8192,163840
PHerc0172,20250926150345-w086_20250926150345176_flatboi,other,100,1,0.01,0.7082,0.908,9920,6200
PHercParis4,20260701183146-w118-119,canon,410,4,0.0098,0.6388,0.9337,12288,77824
PHerc0172,20251115002740-auto_grown_20251115002740308_0_flatboi,other,532,5,0.0094,0.6048,0.9131,1240,28520
PHerc0172,20251204060522-w090_20251204060522416_flatboi,other,110,1,0.0091,0.6704,0.9013,7440,4960
PHercParis4,20260623171400-w126-127,canon,234,2,0.0085,0.5536,0.9276,49152,20480
PHercParis4,20260623161233-w101-103,canon,362,3,0.0083,0.6748,0.9173,4096,16384
PHercParis4,20260623154006-w085-088,canon,491,4,0.0081,0.7512,0.9247,40960,77824
PHerc0172,20251211135303-w054_20251211135303394_flatboi,other,124,1,0.0081,0.6903,0.9038,6200,6200
PHerc0172,20251210160810-w057_20251210160810301_flatboi,other,126,1,0.0079,0.7156,0.904,2480,7440
PHerc0172,20251106170358-w076_20251106170358232_flatboi,other,128,1,0.0078,0.7007,0.913,1240,8680
PHerc0172,20250926132117-w083_20250926132117595_flatboi,other,136,1,0.0074,0.7298,0.9002,7440,1240
PHerc0172,20250926113336-w079_20250926113336891_flatboi,other,142,1,0.007,0.6438,0.9005,7440,9920
PHercParis4,20260701183150-w126-127,canon,386,2,0.0052,0.4608,0.929,61440,45056
PHerc0172,20251113021010-w072_20251113021010674_flatboi,other,198,1,0.0051,0.6822,0.919,7440,3720
PHerc0172,20251113130119-w073_20251113130119516_flatboi,other,198,1,0.0051,0.6773,0.9145,0,11160
PHercParis4,20260623155914-w095-097,canon,399,2,0.005,0.7208,0.9411,0,151552
PHercParis4,20260701183145-w116-117,canon,407,2,0.0049,0.6418,0.9079,40960,36864
PHercParis4,20260701183138-w095-097,canon,587,2,0.0034,0.6968,0.9107,24576,151552
PHercParis4,20260701183147-w120-121,canon,404,1,0.0025,0.6293,0.9184,16384,53248
PHercParis4,20260701183149-w124-125,canon,397,1,0.0025,0.5559,0.9253,53248,73728
PHerc0172,20251115002743-auto_grown_20251115002740308_3_flatboi,other,770,1,0.0013,0.6142,0.9004,8680,35960
PHerc0172,20251115002741-auto_grown_20251115002740308_1_flatboi,other,752,1,0.0013,0.6081,0.926,8680,33480
PHerc0172,20251115002744-auto_grown_20251115002740308_4_flatboi,other,788,1,0.0013,0.5823,0.901,11160,23560
PHerc0500P2,20250628074500-500P2_front,canon,5,0,0.0,0.8433,0.8983,13320,4440
PHerc0500P2,20250716055229-z_dbg_gen_00371_inp_hr,canon,2,0,0.0,0.8354,0.8502,4440,0
PHerc0139,20260422000000-title_2026042222_zmid_flatboi,canon,4,0,0.0,0.8338,0.8565,0,0
PHerc0814,20250930083742-auto_grown_20250930083742882,canon,3,0,0.0,0.8026,0.8363,4096,8192
PHerc0500P2,20250611171745-z_dbg_gen_00225_inp_hr,canon,2,0,0.0,0.7988,0.8485,4440,0
PHerc0139,20260126000000-w045_2026012619,canon,24,0,0.0,0.789,0.8844,8192,12288
PHerc1667,20251223230000-w031_2025122323_flatboi,canon,29,0,0.0,0.7833,0.8983,20480,8192
PHerc0139,20260219000000-w033_2026021913,1um_s1z2,6,0,0.0,0.7813,0.7883,8704,8704
PHerc0139,20260310000000-w037_2026031015,1um_s1z2,5,0,0.0,0.7804,0.8792,4352,0
PHerc0814,20250925204843-auto_grown_20250925204843950,canon,5,0,0.0,0.7795,0.8434,8192,106496
PHerc0500P2,20250716055228-z_dbg_gen_00333_inp_hr,canon,1,0,0.0,0.7794,0.7794,0,0
PHerc0814,20250925222237-auto_grown_20250925222237459,canon,5,0,0.0,0.7747,0.8579,0,0
PHerc0139,20260325000000-w046_20260325,canon,24,0,0.0,0.7743,0.8986,8192,8192
PHerc0500P2,20250716055231-z_dbg_gen_00473_inp_hr,canon,4,0,0.0,0.7741,0.8367,13320,4440
PHerc0139,20260206000001-w047_2026020613,1um_s1z2,7,0,0.0,0.7731,0.8375,4352,4352
PHerc1667,20260123230000-w037_2026012323_flatboi,canon,5,0,0.0,0.7701,0.8137,16384,0
PHerc0814,20250928235953-auto_grown_20250928235953722,1um_s1z2,6,0,0.0,0.7622,0.8662,4352,182784
PHerc0814,20250926051122-auto_grown_20250926051122829,canon,12,0,0.0,0.7597,0.8984,4096,81920
PHerc0139,20250831000000-w040_2025083102,1um_s1z2,11,0,0.0,0.7595,0.8123,4352,4352
PHerc0500P2,20250611132918-z_dbg_gen_00302_inp_hr,canon,4,0,0.0,0.7581,0.8433,8880,4440
PHerc0139,20260206000000-w042_2026020613,canon,24,0,0.0,0.7572,0.8714,12288,12288
PHercParis4,20260603222816-20231005123336_v2_flatboi,1um_s1z2,38,0,0.0,0.7553,0.8983,34816,0
PHerc0139,20260115000000-w044_2026011522,1um_s1z2,8,0,0.0,0.755,0.8101,8704,13056
PHerc0139,20260317000000-w035_2026031718,canon,12,0,0.0,0.7525,0.801,0,8192
PHerc0343P,20250511003658-tifxyz,canon,2,0,0.0,0.7446,0.7782,0,0
PHerc0139,20260108000000-w041_2026010816,canon,24,0,0.0,0.743,0.8712,12288,12288
PHerc0139,20260325000000-w046_20260325,1um_s1z2,6,0,0.0,0.7429,0.85,4352,8704
PHerc1667,20260119120000-w036_2026011912_flatboi,canon,14,0,0.0,0.7408,0.8973,20480,4096
PHerc1667,20251220020000-w030_2025122002_flatboi,canon,37,0,0.0,0.7403,0.8842,4096,16384
PHerc0814,20250929040153-auto_grown_20250929040153260,canon,2,0,0.0,0.7392,0.8633,4096,0
PHerc0139,20260303000000-w034_2026030317,canon,29,0,0.0,0.7355,0.8974,8192,20480
PHerc0139,20260306000000-w038_2026030608,1um_s1z2,8,0,0.0,0.733,0.795,8704,8704
PHerc0814,20250926165636-auto_trace_20250926165636789,canon,10,0,0.0,0.7319,0.8692,8192,8192
PHerc0139,20250831000000-w040_2025083102,canon,30,0,0.0,0.7298,0.8904,8192,8192
PHerc0139,20260311000000-w023_202603112281,1um_s1z2,5,0,0.0,0.7289,0.8903,8704,0
PHerc1667,20260105050000-w032_2026010505_flatboi,canon,34,0,0.0,0.7268,0.8856,20480,16384
PHerc0139,20260126000000-w045_2026012619,1um_s1z2,6,0,0.0,0.725,0.8443,4352,8704
PHerc1667,20251212185248-w029_20251212185248662_flatboi,canon,39,0,0.0,0.724,0.8948,0,12288
PHerc1667,20260105050000-w032_2026010505_flatboi,1um_s1z2,9,0,0.0,0.7197,0.8051,21760,17408
PHercParis4,20260623151729-w073-076,1um_s1z2,114,0,0.0,0.718,0.867,17408,60928
PHerc0139,20260112000000-w043_2026011217,1um_s1z2,9,0,0.0,0.7142,0.8693,4352,0
PHercParis4,20260623152443-w077-080,1um_s1z2,139,0,0.0,0.7089,0.8373,39168,156672
PHerc0172,20251210153304-w058_20251210153304503_flatboi,other,126,0,0.0,0.7083,0.8777,1240,3720
PHerc0139,20260318000000-w049_20260318,1um_s1z2,7,0,0.0,0.7082,0.8646,4352,4352
PHerc0139,20260210000000-w058_2026021020,1um_s1z2,16,0,0.0,0.7071,0.8354,8704,4352
PHerc0139,20260108000000-w041_2026010816,1um_s1z2,10,0,0.0,0.7059,0.8705,4352,0
PHerc1667,20260115160000-w034_2026011516_flatboi,canon,18,0,0.0,0.7056,0.8688,20480,16384
PHerc0172,20250926122938-w082_20250926122938619_flatboi,other,130,0,0.0,0.7038,0.8778,7440,0
PHercParis4,20260623153216-w081-084,1um_s1z2,143,0,0.0,0.6997,0.8708,39168,178432
PHerc0172,20251107175958-w061_20251107175958270_flatboi,other,144,0,0.0,0.6984,0.8885,6200,4960
PHerc0172,20250917143559-w062_20250917143559205_flatboi,other,170,0,0.0,0.697,0.8754,9920,2480
PHerc0139,20260206000000-w042_2026020613,1um_s1z2,6,0,0.0,0.6952,0.7485,4352,0
PHercParis4,20260623154617-w089-091,1um_s1z2,117,0,0.0,0.6952,0.8682,43520,91392
PHerc0500P2,20250611154256-z_dbg_gen_00354_inp_hr,canon,4,0,0.0,0.6949,0.7616,8880,4440
PHercParis4,20260623151041-w069-072,1um_s1z2,114,0,0.0,0.694,0.8473,17408,60928
PHercParis4,20260623150417-w064-068,1um_s1z2,156,0,0.0,0.6929,0.8756,43520,17408
PHerc1667,20260128140000-w038_2026012814_flatboi,canon,8,0,0.0,0.689,0.817,20480,24576
PHerc0500P2,20250611134135-z_dbg_gen_00331_inp_hr,canon,4,0,0.0,0.6865,0.7422,8880,4440
PHerc0500P2,20250716055234-z_dbg_gen_00709_inp_hr,canon,2,0,0.0,0.684,0.7317,0,0
PHercParis4,20260623154006-w085-088,1um_s1z2,142,0,0.0,0.6812,0.8936,43520,191488
PHercParis4,20260623155240-w092-094,1um_s1z2,118,0,0.0,0.6804,0.8729,21760,130560
PHerc0172,20251106133152-w077_20251106133152767_flatboi,other,138,0,0.0,0.6783,0.8805,0,2480
PHerc0139,20260203000000-w032_2026020303,1um_s1z2,6,0,0.0,0.6759,0.7918,8704,0
PHerc1667,20251212185248-w029_20251212185248662_flatboi,1um_s1z2,15,0,0.0,0.6752,0.8719,21760,21760
PHerc0500P2,20250628074500-500P2_front,1um_s1z2,5,0,0.0,0.6727,0.7469,8880,0
PHerc1667,20260116230000-w035_2026011623_flatboi,canon,14,0,0.0,0.6714,0.7923,12288,0
PHerc0172,20251107063327-w063_20251107063327215_flatboi,other,180,0,0.0,0.6711,0.8776,6200,2480
PHerc0500P2,20250611170257-z_dbg_gen_00308_inp_hr,canon,5,0,0.0,0.6698,0.8337,13320,4440
PHerc0500P2,20250611161415-z_dbg_gen_00411_inp_hr,canon,3,0,0.0,0.6697,0.7227,8880,0
PHerc0139,20260316000000-w036_2026031607,canon,20,0,0.0,0.6686,0.8143,12288,16384
PHerc0139,20260317000000-w035_2026031718,1um_s1z2,3,0,0.0,0.6686,0.7129,4352,4352
PHerc0172,20251111210734-w070_20251111210734722_flatboi,other,198,0,0.0,0.6683,0.896,8680,3720
PHerc0172,20251113152136-w074_20251113152136889_flatboi,other,198,0,0.0,0.6633,0.8948,7440,6200
PHerc0172,20250926145427-w084_20250926145427439_flatboi,other,70,0,0.0,0.662,0.871,3720,7440
PHerc1667,20240304161941-w023_20240304161941_flatboi,1um_s1z2,95,0,0.0,0.6617,0.8908,26112,69632
PHerc0172,20251211095724-w056_20251211095724922_flatboi,other,126,0,0.0,0.6603,0.8555,4960,1240
PHerc0172,20251112163527-w071_20251112163527854_flatboi,other,198,0,0.0,0.6591,0.896,6200,0
PHerc0172,20251207123912-w060_20251207123912611_flatboi,other,112,0,0.0,0.6585,0.8791,6200,7440
PHerc0139,20250223000000-w059_2025022312,canon,38,0,0.0,0.6581,0.8869,8192,8192
PHerc0139,20250223000000-w059_2025022312,1um_s1z2,14,0,0.0,0.6541,0.8847,8704,17408
PHerc0139,20260210000000-w058_2026021020,canon,45,0,0.0,0.6536,0.8653,8192,8192
PHerc0172,20251211111451-w055_20251211111451620_flatboi,other,126,0,0.0,0.6533,0.8502,2480,3720
PHerc0172,20251210142414-w059_20251210142414060_flatboi,other,108,0,0.0,0.6525,0.8861,6200,0
PHerc0139,20260316000000-w036_2026031607,1um_s1z2,5,0,0.0,0.6521,0.7989,4352,4352
PHerc0139,20260306000000-w038_2026030608,canon,24,0,0.0,0.6519,0.8054,4096,0
PHerc0172,20251115002742-auto_grown_20251115002740308_2_flatboi,other,680,0,0.0,0.6503,0.8983,7440,33480
PHerc0172,20251211152543-w053_20251211152543204_flatboi,other,112,0,0.0,0.6489,0.8175,6200,0
PHerc0172,20251111151836-w069_20251111151836406_flatboi,other,250,0,0.0,0.6488,0.8824,9920,9920
PHerc0139,20260227000000-w052_2026022705,1um_s1z2,16,0,0.0,0.6449,0.8315,13056,30464
PHerc0814,20250926203608-auto_grown_20250926203608932,canon,6,0,0.0,0.6439,0.813,4096,4096
PHerc0172,20251115002745-auto_grown_20251115002740308_5_flatboi,other,828,0,0.0,0.6388,0.8846,3720,22320
PHerc1667,20251223230000-w031_2025122323_flatboi,1um_s1z2,11,0,0.0,0.6388,0.8066,21760,21760
PHerc0139,20260318000000-w049_20260318,canon,28,0,0.0,0.6387,0.8832,4096,4096
PHerc0814,20250930083742-auto_grown_20250930083742882,1um_s1z2,2,0,0.0,0.6382,0.7154,0,56576
PHerc0172,20251204071911-w091_20251204071911070_flatboi,other,112,0,0.0,0.6371,0.8891,7440,1240
PHercParis4,20260623170833-w124-125,canon,232,0,0.0,0.6363,0.889,24576,114688
PHerc0814,20250925161630-auto_grown_20250925161630635,canon,5,0,0.0,0.6352,0.767,4096,24576
PHerc0172,20251115002747-auto_grown_20251115002740308_7_flatboi,other,692,0,0.0,0.635,0.8705,7440,37200
PHerc0139,20251226000000-w055_2025122611,canon,47,0,0.0,0.6346,0.826,4096,20480
PHercParis4,20260623164704-w116-117,1um_s1z2,53,0,0.0,0.6344,0.8945,21760,26112
PHerc0139,20260310000000-w037_2026031015,canon,20,0,0.0,0.6322,0.8112,4096,0
PHerc0139,20260302000000-w039_2026030210,1um_s1z2,12,0,0.0,0.6315,0.7893,17408,21760
PHerc0172,20251115002748-auto_grown_20251115002740308_8_flatboi,other,514,0,0.0,0.6312,0.8614,7440,4960
PHerc0139,20260306000001-w051_2026030600,1um_s1z2,16,0,0.0,0.63,0.7911,8704,8704
PHerc0172,20251115002746-auto_grown_20251115002740308_6_flatboi,other,522,0,0.0,0.6268,0.8921,0,17360
PHerc0139,20260219000001-w048_2026021912,canon,28,0,0.0,0.6222,0.8081,0,0
PHerc0139,20260303000000-w034_2026030317,1um_s1z2,6,0,0.0,0.6218,0.8308,8704,21760
PHerc0814,20250928235953-auto_grown_20250928235953722,canon,15,0,0.0,0.6206,0.7937,4096,12288
PHerc1667,20251208130119-w028_20251208130119156_flatboi,1um_s1z2,22,0,0.0,0.6181,0.8188,17408,4352
PHerc1667,20251220020000-w030_2025122002_flatboi,1um_s1z2,16,0,0.0,0.6177,0.8529,21760,21760
PHerc1667,20251208130119-w028_20251208130119156_flatboi,canon,43,0,0.0,0.6139,0.8846,24576,8192
PHerc0814,20250925161630-auto_grown_20250925161630635,1um_s1z2,2,0,0.0,0.6136,0.6767,4352,30464
PHerc0139,20260302000000-w039_2026030210,canon,30,0,0.0,0.6081,0.8058,12288,8192
PHerc0172,20251212105627-w052_20251212105627148_flatboi,other,112,0,0.0,0.604,0.8973,4960,3720
PHerc0139,20260302000001-w050_2026030220,1um_s1z2,2,0,0.0,0.6026,0.6474,4352,4352
PHerc0139,20260115000001-w056_2026011514,canon,37,0,0.0,0.602,0.8739,16384,28672
PHerc0139,20260206000002-w054_2026020617,canon,53,0,0.0,0.6008,0.8296,4096,16384
PHerc0172,20251204101314-w092_20251204101314959_flatboi,other,120,0,0.0,0.5966,0.8705,9920,7440
PHerc0139,20260206000002-w054_2026020617,1um_s1z2,17,0,0.0,0.5958,0.7506,8704,30464
PHerc0139,20250108000003-w028_2025010836,canon,25,0,0.0,0.5956,0.7794,4096,12288
PHerc1667,20260116230000-w035_2026011623_flatboi,1um_s1z2,8,0,0.0,0.5916,0.8141,17408,0
PHerc0814,20250929040153-auto_grown_20250929040153260,1um_s1z2,2,0,0.0,0.5893,0.8519,4352,0
PHerc0500P2,20250716055230-z_dbg_gen_00377_inp_hr,canon,3,0,0.0,0.5853,0.5934,8880,4440
PHerc0172,20251204192708-w093_20251204192708445_flatboi,other,114,0,0.0,0.5742,0.8052,11160,12400
PHerc0139,20260227000000-w052_2026022705,canon,47,0,0.0,0.5716,0.884,12288,12288
PHerc0139,20260219000000-w033_2026021913,canon,29,0,0.0,0.5709,0.88,8192,4096
PHerc0500P2,20250611172135-z_dbg_gen_00346_inp_hr,canon,2,0,0.0,0.5666,0.5701,8880,0
PHerc0814,20250925222237-auto_grown_20250925222237459,1um_s1z2,5,0,0.0,0.5659,0.6769,0,26112
PHerc0139,20260302000001-w050_2026030220,canon,8,0,0.0,0.5631,0.8254,0,0
PHerc0139,20251226000000-w055_2025122611,1um_s1z2,9,0,0.0,0.5598,0.7848,8704,17408
PHerc0343P,20250902170441--4_b2,canon,1,0,0.0,0.5569,0.5569,0,0
PHerc0172,20251206184729-w095_20251206184729906_flatboi,other,98,0,0.0,0.5537,0.8371,11160,3720
PHerc0139,20250108000005-w030_2025010818,1um_s1z2,6,0,0.0,0.549,0.7944,8704,0
PHerc0500P2,20250611173014-z_dbg_gen_00506_inp_hr,canon,3,0,0.0,0.5489,0.6997,4440,8880
PHerc0500P2,20250716055232-z_dbg_gen_00505_inp_hr,canon,3,0,0.0,0.5489,0.571,8880,0
PHerc0500P2,20250716055235-z_dbg_gen_00779_inp_hr,canon,5,0,0.0,0.5467,0.6248,4440,13320
PHerc0139,20260219000001-w048_2026021912,1um_s1z2,7,0,0.0,0.5455,0.7102,4352,8704
PHerc0814,20250925182632-auto_grown_20250925182632715,canon,6,0,0.0,0.5449,0.6788,4096,40960
PHerc1667,20240304141531-w013_20240304141531_flatboi,1um_s1z2,85,0,0.0,0.5407,0.8921,17408,4352
PHerc0139,20250108000005-w030_2025010818,canon,28,0,0.0,0.5387,0.8459,8192,20480
PHerc1667,20260119120000-w036_2026011912_flatboi,1um_s1z2,4,0,0.0,0.5376,0.7169,21760,26112
PHerc0139,20260215000000-w024_2026021572,1um_s1z2,5,0,0.0,0.536,0.7502,8704,0
PHerc0814,20250926051122-auto_grown_20250926051122829,1um_s1z2,7,0,0.0,0.5314,0.8071,13056,134912
PHerc1667,20260123230000-w037_2026012323_flatboi,1um_s1z2,1,0,0.0,0.5306,0.5306,21760,4352
PHerc0139,20260306000001-w051_2026030600,canon,47,0,0.0,0.5297,0.7902,8192,8192
PHerc0139,20260130000000-w031_2026013019,1um_s1z2,6,0,0.0,0.5261,0.6565,8704,0
PHerc0172,20251205115859-w094_20251205115859448_flatboi,other,84,0,0.0,0.524,0.8076,7440,1240
PHerc1667,20260110010000-w033_2026011001_flatboi,1um_s1z2,9,0,0.0,0.5235,0.7167,21760,4352
PHerc0343P,20250902170435--5_b2,canon,1,0,0.0,0.5219,0.5219,0,0
PHerc1667,20260115160000-w034_2026011516_flatboi,1um_s1z2,6,0,0.0,0.5193,0.58,21760,4352
PHerc0139,20260115000001-w056_2026011514,1um_s1z2,8,0,0.0,0.5157,0.7878,8704,21760
PHerc0139,20250108000001-w026_2025010854,canon,29,0,0.0,0.5135,0.7388,4096,0
PHerc1667,20260130150000-w039_2026013015_flatboi,canon,3,0,0.0,0.5097,0.8118,24576,4096
PHercParis4,20260602225659-5753_0,canon,29,0,0.0,0.4994,0.8931,36864,4096
PHerc0139,20260130000000-w031_2026013019,canon,28,0,0.0,0.4932,0.8101,8192,16384
PHerc0139,20250108000004-w029_2025010827,1um_s1z2,6,0,0.0,0.485,0.6997,8704,8704
PHerc0139,20250108000004-w029_2025010827,canon,28,0,0.0,0.4814,0.8415,0,12288
PHerc0139,20260220000000-w053_2026022021,1um_s1z2,10,0,0.0,0.4801,0.7117,8704,8704
PHerc0139,20260127000000-w057_2026012713,1um_s1z2,16,0,0.0,0.4688,0.8157,8704,26112
PHerc0139,20250108000000-w025_2025010863,canon,25,0,0.0,0.4658,0.8472,0,16384
PHerc0139,20250108000003-w028_2025010836,1um_s1z2,6,0,0.0,0.4591,0.6401,8704,13056
PHerc0139,20250108000000-w025_2025010863,1um_s1z2,6,0,0.0,0.4576,0.7236,8704,13056
PHerc0139,20260220000000-w053_2026022021,canon,47,0,0.0,0.455,0.7624,12288,20480
PHerc0139,20260127000000-w057_2026012713,canon,46,0,0.0,0.4473,0.6972,20480,28672
PHerc0500P2,20250611133823-z_dbg_gen_00130_inp_hr,canon,1,0,0.0,0.4262,0.4262,13320,0
PHerc0343P,20250902171202--2_b2,canon,2,0,0.0,0.4232,0.5027,0,0
PHerc0139,20250108000002-w027_2025010845,1um_s1z2,5,0,0.0,0.421,0.5697,8704,8704
PHerc0343P,20250905172054-1_b2,canon,1,0,0.0,0.4127,0.4127,0,0
PHerc1667,20260108140509-w011_20260108140509268_flatboi,1um_s1z2,9,0,0.0,0.3961,0.5399,30464,4352
PHerc0500P2,20250611171318-z_dbg_gen_00440_inp_hr,canon,2,0,0.0,0.3876,0.4249,0,0
PHerc0343P,20250904233748-0_b2,canon,2,0,0.0,0.374,0.3915,4440,0
PHercParis4,20260603193311-5753_-1_copy,1um_s1z2,7,0,0.0,0.372,0.7489,30464,4352
PHerc0500P2,20250716055233-z_dbg_gen_00565_inp_hr,canon,3,0,0.0,0.3399,0.3644,8880,4440
PHerc0139,20250108000001-w026_2025010854,1um_s1z2,5,0,0.0,0.3397,0.571,8704,4352
PHerc0139,20250108000002-w027_2025010845,canon,25,0,0.0,0.33,0.7158,4096,16384
PHercParis4,20260603185441-5753_-6,canon,16,0,0.0,0.3296,0.5008,16384,4096
PHerc0139,20260311000000-w023_202603112281,canon,23,0,0.0,0.3227,0.833,16384,16384
PHerc0139,20260215000000-w024_2026021572,canon,24,0,0.0,0.3222,0.7045,0,4096
PHerc1667,20260108140509-w011_20260108140509268_flatboi,canon,16,0,0.0,0.3079,0.6168,28672,4096
PHerc1667,20251206103305-w012_20251206103305555_flatboi,canon,16,0,0.0,0.3009,0.6879,0,0
PHercParis4,20260603190005-5753_-5,canon,20,0,0.0,0.2955,0.4672,69632,0
PHerc1667,20251206103305-w012_20251206103305555_flatboi,1um_s1z2,10,0,0.0,0.2839,0.6738,30464,4352
PHercParis4,20260603042357-5753_-3,canon,28,0,0.0,0.2747,0.8899,0,4096
PHercParis4,20260603024952-5753_-2,canon,28,0,0.0,0.2705,0.8992,12288,4096
PHerc0500P2,20250611153346-z_dbg_gen_00286_inp_hr,canon,2,0,0.0,0.2364,0.3221,4440,0
PHercParis4,20260603145540-5753_-4,canon,28,0,0.0,0.2168,0.5287,61440,0
PHercParis4,20260603185441-5753_-6,1um_s1z2,5,0,0.0,0.1967,0.3698,39168,0
PHercParis4,20260603145540-5753_-4,1um_s1z2,9,0,0.0,0.1942,0.4704,39168,0
PHerc0343P,20250902170447--3_b2,canon,2,0,0.0,0.1836,0.3142,4440,0
PHercParis4,20260603190005-5753_-5,1um_s1z2,7,0,0.0,0.1713,0.3378,26112,4352
PHerc0343P,20250902171204--1_b2,canon,1,0,0.0,0.1456,0.1456,0,0
PHercParis4,20260603042357-5753_-3,1um_s1z2,9,0,0.0,0.0521,0.1725,26112,4352
PHercParis4,20260603024952-5753_-2,1um_s1z2,9,0,0.0,0.0,0.0,17408,4352
